subject,list,position,trial_type,item
1,1,1,study,TOWEL
1,1,2,study,LADLE
1,1,3,study,THERMOS
1,1,4,study,LEGO
1,1,5,study,BACKPACK
1,1,6,study,JACKHAMMER
1,1,7,study,LANTERN
1,1,8,study,DOORKNOB
1,1,9,study,SHOVEL
1,1,10,study,WATER GUN
1,1,11,study,INK CARTRIDGE
1,1,12,study,PHONE
1,1,13,study,PAPER CLIP
1,1,14,study,MOUSETRAP
1,1,15,study,SPEAKER
1,1,16,study,CAR SEAT
1,1,17,study,BAYONET
1,1,18,study,MIRROR
1,1,19,study,STONE
1,1,20,study,WATCH
1,1,21,study,PILL
1,1,22,study,SMART CAR
1,1,23,study,REMOTE
1,1,24,study,CHAIN
1,1,1,recall,CHAIN
1,1,2,recall,SMART CAR
1,1,3,recall,BAYONET
1,1,4,recall,WATCH
1,1,5,recall,CAR SEAT
1,1,6,recall,PILL
1,1,7,recall,JACKHAMMER
1,1,8,recall,STONE
1,1,9,recall,SHOVEL
1,1,10,recall,BACKPACK
1,1,11,recall,DOORKNOB
1,1,12,recall,MOUSETRAP
1,1,13,recall,TOWEL
1,1,14,recall,CHAIN
1,1,15,recall,MIRROR
1,1,16,recall,PHONE
1,1,17,recall,PAPER CLIP
1,1,18,recall,LEGO
1,1,19,recall,SHOVEL
1,2,1,study,SEAN PENN
1,2,2,study,AUDREY HEPBURN
1,2,3,study,ST PATRICKS CATHEDRAL
1,2,4,study,LES INVALIDES
1,2,5,study,GREAT ZIMBABWE RUINS
1,2,6,study,BRYCE CANYON
1,2,7,study,TROPHY
1,2,8,study,BRUSH
1,2,9,study,SUPREME COURT
1,2,10,study,SAN FRANCISCO
1,2,11,study,TREVI FOUNTAIN
1,2,12,study,TAHITI
1,2,13,study,ANDRE3000
1,2,14,study,NICOLAS CAGE
1,2,15,study,JUSTIN TIMBERLAKE
1,2,16,study,JULIA ROBERTS
1,2,17,study,LEBRON JAMES
1,2,18,study,JOHN MCCAIN
1,2,19,study,GLASS
1,2,20,study,KLEENEX
1,2,21,study,BLENDER
1,2,22,study,HELMET
1,2,23,study,CHAIR
1,2,24,study,BRICK
1,2,1,recall,BRICK
1,2,2,recall,CHAIR
1,2,3,recall,JULIA ROBERTS
1,2,4,recall,JUSTIN TIMBERLAKE
1,2,5,recall,SEAN PENN
1,2,6,recall,LEBRON JAMES
1,2,7,recall,JOHN MCCAIN
1,2,8,recall,GLASS
1,2,9,recall,TAHITI
1,2,10,recall,SAN FRANCISCO
1,2,11,recall,ST PATRICKS CATHEDRAL
1,2,12,recall,BRYCE CANYON
1,2,13,recall,NICOLAS CAGE
1,2,14,recall,TROPHY
1,3,1,study,STOVE
1,3,2,study,TOASTER
1,3,3,study,TILE
1,3,4,study,TEAPOT
1,3,5,study,ACROPOLIS
1,3,6,study,GUGGENHEIM
1,3,7,study,STATUE OF LIBERTY
1,3,8,study,GIANT'S CAUSEWAY
1,3,9,study,KATIE HOLMES
1,3,10,study,REGIS PHILBIN
1,3,11,study,TOM HANKS
1,3,12,study,QUEEN LATIFAH
1,3,13,study,JOHN F KENNEDY
1,3,14,study,JODIE FOSTER
1,3,15,study,DEVIL'S TOWER
1,3,16,study,ARABIAN TOWER
1,3,17,study,OLD FAITHFUL
1,3,18,study,ST PAULS CATHEDRAL
1,3,19,study,PIANO
1,3,20,study,SCISSORS
1,3,21,study,WEDDING DRESS
1,3,22,study,LAPTOP
1,3,23,study,RUSSELL CROWE
1,3,24,study,GWEN STEFANI
1,3,1,recall,RUSSELL CROWE
1,3,2,recall,GWEN STEFANI
1,3,3,recall,LAPTOP
1,3,4,recall,STOVE
1,3,5,recall,TOASTER
1,3,6,recall,KATIE HOLMES
1,3,7,recall,REGIS PHILBIN
1,3,8,recall,TOM HANKS
1,3,9,recall,ST PAULS CATHEDRAL
1,3,10,recall,ACROPOLIS
1,3,11,recall,JOHN F KENNEDY
1,3,12,recall,QUEEN LATIFAH
1,3,13,recall,ARABIAN TOWER
1,3,14,recall,STATUE OF LIBERTY
1,3,15,recall,DEVIL'S TOWER
1,3,16,recall,WEDDING DRESS
1,3,17,recall,TILE
1,3,18,recall,SCISSORS
1,4,1,study,BRANDENBURG GATE
1,4,2,study,JENNE MOSQUE
1,4,3,study,USHER
1,4,4,study,NEWT GINGRICH
1,4,5,study,TOMATO
1,4,6,study,MICROSCOPE
1,4,7,study,ELIZABETH TAYLOR
1,4,8,study,FAITH HILL
1,4,9,study,BILLY CRYSTAL
1,4,10,study,MOUNT KILIMANJARO
1,4,11,study,QUINCY MARKET
1,4,12,study,NIAGARA FALLS
1,4,13,study,STAMP
1,4,14,study,SHELF
1,4,15,study,MASCARA
1,4,16,study,JESSICA SIMPSON
1,4,17,study,OWEN WILSON
1,4,18,study,LIAM NEESON
1,4,19,study,PEARL HARBOR
1,4,20,study,SALT LAKE TEMPLE
1,4,21,study,GRAND CANYON
1,4,22,study,BASEBALL BAT
1,4,23,study,HANGER
1,4,24,study,SURGE PROTECTOR
1,4,1,recall,SURGE PROTECTOR
1,4,2,recall,BASEBALL BAT
1,4,3,recall,JESSICA SIMPSON
1,4,4,recall,LIAM NEESON
1,4,5,recall,USHER
1,4,6,recall,ELIZABETH TAYLOR
1,4,7,recall,PEARL HARBOR
1,4,8,recall,NIAGARA FALLS
1,4,9,recall,HANGER
1,5,1,study,TIMES SQUARE
1,5,2,study,WAILING WALL
1,5,3,study,WORLD WAR II MEMORIAL
1,5,4,study,GRAND OLE OPRY
1,5,5,study,SEVEN MILE BRIDGE
1,5,6,study,OLYMPIA
1,5,7,study,ARUBA
1,5,8,study,SIERRA NEVADA
1,5,9,study,ST BASILS CATHEDRAL
1,5,10,study,LINCOLN FINANCIAL FIELD
1,5,11,study,KENSINGTON PALACE
1,5,12,study,TIMBUKTU
1,5,13,study,RIO DE JANEIRO
1,5,14,study,IGUAZU FALLS
1,5,15,study,ALAMO
1,5,16,study,MACHU PICHU
1,5,17,study,METLIFE BUILDING
1,5,18,study,MAYAN PYRAMID
1,5,19,study,SHANGHAI
1,5,20,study,MOULIN ROUGE
1,5,21,study,LINCOLN CENTER
1,5,22,study,HARRODS
1,5,23,study,FORBIDDEN CITY
1,5,24,study,SORBONNE CHAPEL
1,5,1,recall,SORBONNE CHAPEL
1,5,2,recall,FORBIDDEN CITY
1,5,3,recall,MACHU PICHU
1,5,4,recall,HARRODS
1,5,5,recall,ARUBA
1,5,6,recall,IGUAZU FALLS
1,5,7,recall,SHANGHAI
1,5,8,recall,RIO DE JANEIRO
1,5,9,recall,METLIFE BUILDING
1,5,10,recall,LINCOLN FINANCIAL FIELD
1,5,11,recall,SIERRA NEVADA
1,5,12,recall,SALT LAKE TEMPLE
1,5,13,recall,TIMBUKTU
1,6,1,study,BARCODE SCANNER
1,6,2,study,BANDAID
1,6,3,study,TOM CRUISE
1,6,4,study,LINDSAY LOHAN
1,6,5,study,GEORGE WASHINGTON BRIDGE
1,6,6,study,MALL OF AMERICA
1,6,7,study,GREAT WALL OF CHINA
1,6,8,study,BRUCE WILLIS
1,6,9,study,AUDREY TATOU
1,6,10,study,GRACELAND
1,6,11,study,CHICAGO
1,6,12,study,NECKLACE
1,6,13,study,PEDAL
1,6,14,study,KATE WINSLET
1,6,15,study,CARY GRANT
1,6,16,study,MADONNA
1,6,17,study,SAMUEL L JACKSON
1,6,18,study,ROSE
1,6,19,study,CANOE
1,6,20,study,PAPER BAG
1,6,21,study,BELL
1,6,22,study,MADISON SQUARE GARDEN
1,6,23,study,ANGEL FALLS
1,6,24,study,MASADA
1,6,1,recall,MASADA
1,6,2,recall,ANGEL FALLS
1,6,3,recall,LINDSAY LOHAN
1,6,4,recall,TOM CRUISE
1,6,5,recall,MADONNA
1,6,6,recall,SAMUEL L JACKSON
1,6,7,recall,KATE WINSLET
1,6,8,recall,AUDREY TATOU
1,6,9,recall,MADISON SQUARE GARDEN
1,6,10,recall,CHICAGO
1,6,11,recall,BANDAID
1,6,12,recall,BARCODE SCANNER
1,6,13,recall,PAPER BAG
1,7,1,study,SHAQUILLE O'NEAL
1,7,2,study,PRINCE
1,7,3,study,JENNIFER ANISTON
1,7,4,study,AL SHARPTON
1,7,5,study,FRAN DRESCHER
1,7,6,study,BRAD PITT
1,7,7,study,VINCE VAUGHN
1,7,8,study,LARRY KING
1,7,9,study,DICK CHENEY
1,7,10,study,HILLARY CLINTON
1,7,11,study,CHARLIE SHEEN
1,7,12,study,KURT COBAIN
1,7,13,study,LUCY LIU
1,7,14,study,MIKE TYSON
1,7,15,study,COURTNEY LOVE
1,7,16,study,MR. T
1,7,17,study,SEAN COMBS
1,7,18,study,JON VOIGHT
1,7,19,study,JAMIE FOXX
1,7,20,study,BENICIO DEL TORO
1,7,21,study,JASON ALEXANDER
1,7,22,study,SYLVESTER STALLONE
1,7,23,study,HOWARD STERN
1,7,24,study,SARAH JESSICA PARKER
1,7,1,recall,SARAH JESSICA PARKER
1,7,2,recall,KURT COBAIN
1,7,3,recall,BRAD PITT
1,7,4,recall,JENNIFER ANISTON
1,7,5,recall,DICK CHENEY
1,7,6,recall,HILLARY CLINTON
1,7,7,recall,SYLVESTER STALLONE
1,7,8,recall,JAMIE FOXX
1,7,9,recall,SEAN COMBS
1,7,10,recall,VINCE VAUGHN
1,7,11,recall,CHARLIE SHEEN
1,7,12,recall,COURTNEY LOVE
1,7,13,recall,HOWARD STERN
1,7,14,recall,JASON ALEXANDER
1,8,1,study,MOUNT EVEREST
1,8,2,study,PHILADELPHIA ART MUSEUM
1,8,3,study,WASHINGTON SQUARE ARCH
1,8,4,study,KNIFE
1,8,5,study,ACORN
1,8,6,study,WHIP
1,8,7,study,MIKE MYERS
1,8,8,study,MARGARET THATCHER
1,8,9,study,MEG RYAN
1,8,10,study,CD
1,8,11,study,BOLT
1,8,12,study,GLOVES
1,8,13,study,LIPSTICK
1,8,14,study,PURSE
1,8,15,study,NATIONAL AQUARIUM
1,8,16,study,YOSEMITE
1,8,17,study,WIMBLEDON
1,8,18,study,COLONIAL WILLIAMSBURG
1,8,19,study,PETRA
1,8,20,study,HILARY DUFF
1,8,21,study,MERYL STREEP
1,8,22,study,HALLE BERRY
1,8,23,study,ANDRE AGASSI
1,8,24,study,DAVID BECKHAM
1,8,1,recall,DAVID BECKHAM
1,8,2,recall,ANDRE AGASSI
1,8,3,recall,HILARY DUFF
1,8,4,recall,HALLE BERRY
1,8,5,recall,YOSEMITE
1,8,6,recall,PHILADELPHIA ART MUSEUM
1,8,7,recall,WHIP
1,8,8,recall,KNIFE
1,8,9,recall,MOUNT EVEREST
1,8,10,recall,WIMBLEDON
1,8,11,recall,MERYL STREEP
1,9,1,study,SMITHSONIAN CASTLE
1,9,2,study,SKYDOME
1,9,3,study,UMBRELLA
1,9,4,study,DEODORANT
1,9,5,study,BENJAMIN FRANKLIN
1,9,6,study,DAN RATHER
1,9,7,study,VIENNA
1,9,8,study,PLACE DE LA CONCORDE
1,9,9,study,GREAT SALT LAKE
1,9,10,study,SIENA
1,9,11,study,GLOBE
1,9,12,study,IPOD
1,9,13,study,VEST
1,9,14,study,BOWLING BALL
1,9,15,study,CONDOLEEZZA RICE
1,9,16,study,BRUCE SPRINGSTEEN
1,9,17,study,UMA THURMAN
1,9,18,study,DAVID HASSELHOFF
1,9,19,study,SPORK
1,9,20,study,GRILL
1,9,21,study,LONDON EYE
1,9,22,study,SAHARA
1,9,23,study,MICHAEL DOUGLAS
1,9,24,study,ROSEANNE BARR
1,9,1,recall,ROSEANNE BARR
1,9,2,recall,MICHAEL DOUGLAS
1,9,3,recall,SAHARA
1,9,4,recall,SIENA
1,9,5,recall,VIENNA
1,9,6,recall,BRUCE SPRINGSTEEN
1,9,7,recall,CONDOLEEZZA RICE
1,9,8,recall,BOWLING BALL
1,9,9,recall,VEST
1,9,10,recall,UMA THURMAN
1,9,11,recall,ROSEANNE BARR
1,9,12,recall,MICHAEL DOUGLAS
1,9,13,recall,DAN RATHER
1,10,1,study,ANTHONY HOPKINS
1,10,2,study,ALEC BALDWIN
1,10,3,study,JACK BLACK
1,10,4,study,THE VENETIAN
1,10,5,study,GLOBE THEATER
1,10,6,study,NEST
1,10,7,study,STAPLE REMOVER
1,10,8,study,GOBLET
1,10,9,study,FLORENCE
1,10,10,study,BARCELONA CATHEDRAL
1,10,11,study,GEORGE W BUSH
1,10,12,study,QUEEN ELIZABETH
1,10,13,study,MATT DAMON
1,10,14,study,TWEEZERS
1,10,15,study,HIGHLIGHTER
1,10,16,study,VASE
1,10,17,study,WALL STREET
1,10,18,study,HOLLYWOOD
1,10,19,study,KYOTO
1,10,20,study,WRIGLEY BUILDING
1,10,21,study,PEPPER
1,10,22,study,BOTTLE
1,10,23,study,DOLLY PARTON
1,10,24,study,BILL MAHER
1,10,1,recall,BILL MAHER
1,10,2,recall,DOLLY PARTON
1,10,3,recall,MARTIN SHEEN
1,10,4,recall,MATT DAMON
1,10,5,recall,THE VENETIAN
1,10,6,recall,STAPLE REMOVER
1,10,7,recall,HIGHLIGHTER
1,10,8,recall,UMBRELLA
1,11,1,study,FRIDGE
1,11,2,study,GAS MASK
1,11,3,study,PENCIL SHARPENER
1,11,4,study,AXE
1,11,5,study,PHILADELPHIA CITY HALL
1,11,6,study,LENIN MAUSOLEUM
1,11,7,study,PETRONAS TOWERS
1,11,8,study,MATTHEW PERRY
1,11,9,study,RICHARD NIXON
1,11,10,study,ACADIA PARK
1,11,11,study,CAMDEN YARDS
1,11,12,study,ATOMIUM
1,11,13,study,TAJ MAHAL
1,11,14,study,POMPEI
1,11,15,study,DEMI MOORE
1,11,16,study,CARROT TOP
1,11,17,study,STEVE MARTIN
1,11,18,study,JOHN TRAVOLTA
1,11,19,study,RICKY MARTIN
1,11,20,study,MARTIN LUTHER KING JR
1,11,21,study,CANDLE
1,11,22,study,HAT
1,11,23,study,BED
1,11,24,study,NEWSPAPER
1,11,1,recall,NEWSPAPER
1,11,2,recall,FRIDGE
1,11,3,recall,PENCIL SHARPENER
1,11,4,recall,DEMI MOORE
1,11,5,recall,JOHN TRAVOLTA
1,11,6,recall,STEVE MARTIN
1,11,7,recall,RICHARD NIXON
1,12,1,study,FENWAY PARK
1,12,2,study,VICTORIA FALLS
1,12,3,study,SYDNEY OPERA HOUSE
1,12,4,study,EPCOT CENTER
1,12,5,study,GATEWAY ARCH
1,12,6,study,CAPE OF GOOD HOPE
1,12,7,study,GREAT BARRIER REEF
1,12,8,study,SMOKY MOUNTAINS
1,12,9,study,QUEBEC
1,12,10,study,BOSTON COMMON
1,12,11,study,IWO JIMA MEMORIAL
1,12,12,study,SALT FLATS
1,12,13,study,INDEPENDENCE HALL
1,12,14,study,SERENGETI PLAIN
1,12,15,study,BLUE MOSQUE
1,12,16,study,NAPA VALLEY
1,12,17,study,SISTINE CHAPEL
1,12,18,study,KREMLIN
1,12,19,study,WINTER PALACE
1,12,20,study,MGM GRAND
1,12,21,study,MONTMARTRE
1,12,22,study,BOURBON STREET
1,12,23,study,GIZA PYRAMIDS
1,12,24,study,DEAD SEA
1,12,1,recall,DEAD SEA
1,12,2,recall,GIZA PYRAMIDS
1,12,3,recall,SYDNEY OPERA HOUSE
1,12,4,recall,GREAT BARRIER REEF
1,12,5,recall,CAPE OF GOOD HOPE
1,12,6,recall,GREAT SALT PLAINS
1,12,7,recall,SERENGETI PLAIN
1,12,8,recall,SMOKY MOUNTAINS
1,12,9,recall,GATEWAY ARCH
1,12,10,recall,VICTORIA FALLS
1,12,11,recall,SISTINE CHAPEL
1,12,12,recall,WINTER PALACE
1,12,13,recall,MGM GRAND
1,13,1,study,NORMAN SCHWARZKOPF
1,13,2,study,REESE WITHERSPOON
1,13,3,study,DRESSER
1,13,4,study,COUCH
1,13,5,study,TENT
1,13,6,study,BOWL
1,13,7,study,REDWOOD FOREST
1,13,8,study,PACIFIC BELL PARK
1,13,9,study,EMPIRE STATE BUILDING
1,13,10,study,MONTICELLO
1,13,11,study,TOBEY MAGUIRE
1,13,12,study,JIM BELUSHI
1,13,13,study,JOHN LITHGOW
1,13,14,study,MICK JAGGER
1,13,15,study,TINA TURNER
1,13,16,study,WILL FERRELL
1,13,17,study,TIRE
1,13,18,study,HANDLE
1,13,19,study,MICROCHIP
1,13,20,study,BUGLE
1,13,21,study,OAHU BEACH
1,13,22,study,DOME OF THE ROCK
1,13,23,study,GRAND TETON PARK
1,13,24,study,ETHIOPIAN CHURCH
1,13,1,recall,ETHIOPIAN CHURCH
1,13,2,recall,REESE WITHERSPOON
1,13,3,recall,REDWOOD FOREST
1,13,4,recall,MICK JAGGER
1,13,5,recall,TOBEY MAGUIRE
1,13,6,recall,BOWL
1,13,7,recall,DRESSER
1,13,8,recall,COUCH
1,13,9,recall,TINA TURNER
1,14,1,study,MEDAL
1,14,2,study,MAGNET
1,14,3,study,LIGHTBULB
1,14,4,study,WINDOW
1,14,5,study,FIRE EXTINGUISHER
1,14,6,study,BLOWDRYER
1,14,7,study,WREATH
1,14,8,study,BIRDHOUSE
1,14,9,study,HIGH CHAIR
1,14,10,study,KEYS
1,14,11,study,WHISTLE
1,14,12,study,TV
1,14,13,study,BICYCLE
1,14,14,study,BOOK
1,14,15,study,MAYONNAISE
1,14,16,study,EARRINGS
1,14,17,study,ROPE
1,14,18,study,PIE
1,14,19,study,SHOE
1,14,20,study,LEAF
1,14,21,study,BOUQUET
1,14,22,study,BASKET
1,14,23,study,LEMON
1,14,24,study,HAMMER
1,14,1,recall,HAMMER
1,14,2,recall,PIE
1,14,3,recall,WINDOW
1,14,4,recall,LEAF
1,14,5,recall,LIGHTBULB
1,14,6,recall,TV
1,15,1,study,BONO
1,15,2,study,ANNETTE BENING
1,15,3,study,GARTH BROOKS
1,15,4,study,WAYNE GRETZKY
1,15,5,study,CAMERON DIAZ
1,15,6,study,KIRSTEN DUNST
1,15,7,study,JON STEWART
1,15,8,study,GWYNETH PALTROW
1,15,9,study,LEONARDO DICAPRIO
1,15,10,study,ROBIN WILLIAMS
1,15,11,study,SCARLETT JOHANSSON
1,15,12,study,JIM MORRISON
1,15,13,study,KEANU REEVES
1,15,14,study,BRUCE LEE
1,15,15,study,DENZEL WASHINGTON
1,15,16,study,DANE COOK
1,15,17,study,MICHAEL MOORE
1,15,18,study,CHARLIZE THERON
1,15,19,study,HELEN HUNT
1,15,20,study,OPRAH WINFREY
1,15,21,study,TOM BROKAW
1,15,22,study,ANTONIO BANDERAS
1,15,23,study,PARIS HILTON
1,15,24,study,JENNIFER LOPEZ
1,15,1,recall,JENNIFER LOPEZ
1,15,2,recall,PARIS HILTON
1,15,3,recall,CHARLIZE THERON
1,15,4,recall,SCARLETT JOHANSSON
1,15,5,recall,OPRAH WINFREY
1,15,6,recall,DENZEL WASHINGTON
1,15,7,recall,ANTONIO BANDERAS
1,15,8,recall,HELEN HUNT
1,15,9,recall,ANNETTE BENING
1,15,10,recall,BONO
1,15,11,recall,KIRSTEN DUNST
1,16,1,study,KAUFMAN STADIUM
1,16,2,study,ROCK AND ROLL HALL OF FAME
1,16,3,study,LUXOR HOTEL
1,16,4,study,TRIPOD
1,16,5,study,SAUCEPAN
1,16,6,study,MAILBOX
1,16,7,study,MICHAEL JORDAN
1,16,8,study,DUSTIN HOFFMAN
1,16,9,study,CONAN O'BRIEN
1,16,10,study,JEANS
1,16,11,study,SWORD
1,16,12,study,COLIN POWELL
1,16,13,study,ALLEN IVERSON
1,16,14,study,JOHN HANCOCK CENTER
1,16,15,study,PENTAGON
1,16,16,study,STEVEN SPIELBERG
1,16,17,study,MEL GIBSON
1,16,18,study,JACKIE KENNEDY
1,16,19,study,THERMOMETER
1,16,20,study,RING
1,16,21,study,WAFFLE
1,16,22,study,SUEZ CANAL
1,16,23,study,AYERS ROCK
1,16,24,study,CN TOWER
1,16,1,recall,CN TOWER
1,16,2,recall,SUEZ CANAL
1,16,3,recall,MICHAEL JORDAN
1,16,4,recall,JOHN HANCOCK CENTER
1,16,5,recall,LUXOR HOTEL
1,17,1,study,LINCOLN FINANCIAL FIELD
1,17,2,study,MAMMOTH CAVE
1,17,3,study,MOUNT BLANC
1,17,4,study,QUINCY MARKET
1,17,5,study,KEYS
1,17,6,study,WATER GUN
1,17,7,study,HIGH CHAIR
1,17,8,study,APPLE
1,17,9,study,REESE WITHERSPOON
1,17,10,study,HUGH GRANT
1,17,11,study,JIMI HENDRIX
1,17,12,study,LANCE ARMSTRONG
1,17,13,study,ARUBA
1,17,14,study,NEWGRANGE
1,17,15,study,GRAND OLE OPRY
1,17,16,study,FISHERMAN'S WHARF
1,17,17,study,RAZOR
1,17,18,study,NEWSPAPER
1,17,19,study,ICE
1,17,20,study,ALLENWRENCH
1,17,21,study,MIKE MYERS
1,17,22,study,DEBRA MESSING
1,17,23,study,JOHN TRAVOLTA
1,17,24,study,HALEY JOEL OSMENT
1,17,1,recall,HALEY JOEL OSMENT
1,17,2,recall,DEBRA MESSING
1,17,3,recall,REESE WITHERSPOON
1,17,4,recall,HUGH GRANT
1,17,5,recall,JOHN TRAVOLTA
1,17,6,recall,ICE
1,17,7,recall,NEWSPAPER
1,17,8,recall,WATER GUN
1,17,9,recall,KEYS
1,17,10,recall,FISHERMAN'S WHARF
1,17,11,recall,GRAND OLE OPRY
1,17,12,recall,ARUBA
1,18,1,study,WHITE CLIFFS OF DOVER
1,18,2,study,VENICE
1,18,3,study,OLD FAITHFUL
1,18,4,study,SOHO
1,18,5,study,TIMES SQUARE
1,18,6,study,PHILADELPHIA CITY HALL
1,18,7,study,COLONIAL WILLIAMSBURG
1,18,8,study,ATLANTIC CITY
1,18,9,study,OXFORD
1,18,10,study,GRAND CENTRAL STATION
1,18,11,study,KREMLIN
1,18,12,study,PEARL HARBOR
1,18,13,study,THE VENETIAN
1,18,14,study,HOOVER DAM
1,18,15,study,CANCUN
1,18,16,study,SAN FRANCISCO
1,18,17,study,UNITED NATIONS BUILDING
1,18,18,study,HARRODS
1,18,19,study,ST PAULS CATHEDRAL
1,18,20,study,INDIANAPOLIS MOTOR SPEEDWAY
1,18,21,study,GREAT ZIMBABWE RUINS
1,18,22,study,STATUE OF LIBERTY
1,18,23,study,MECCA
1,18,24,study,ATOMIUM
1,18,1,recall,ATOMIUM
1,18,2,recall,MECCA
1,18,3,recall,STATUE OF LIBERTY
1,18,4,recall,HOOVER DAM
1,18,5,recall,CANCUN
1,18,6,recall,TIMES SQUARE
1,18,7,recall,GRAND CENTRAL STATION
1,18,8,recall,COLONIAL WILLIAMSBURG
1,18,9,recall,VENICE
1,18,10,recall,THE VENETIAN
1,18,11,recall,OLD FAITHFUL
1,18,12,recall,UNITED NATIONS BUILDING
1,18,13,recall,ZIMBABWE_RUINS
1,18,14,recall,ST PAULS CATHEDRAL
1,19,1,study,DWIGHT EISENHOWER
1,19,2,study,JAMIE FOXX
1,19,3,study,DREW BARRYMORE
1,19,4,study,CHRISTOPHER REEVE
1,19,5,study,WAILING WALL
1,19,6,study,TREVI FOUNTAIN
1,19,7,study,VIOLIN
1,19,8,study,LIGHTER
1,19,9,study,CANOE
1,19,10,study,JACKET
1,19,11,study,DRESSER
1,19,12,study,SARAH JESSICA PARKER
1,19,13,study,ALLEN IVERSON
1,19,14,study,ANTHONY HOPKINS
1,19,15,study,ANNETTE BENING
1,19,16,study,TAJ MAHAL
1,19,17,study,IWO JIMA MEMORIAL
1,19,18,study,PANAMA CANAL
1,19,19,study,PETRIFIED FOREST
1,19,20,study,TIMBUKTU
1,19,21,study,PACIFIC BELL PARK
1,19,22,study,BOOK
1,19,23,study,SHAMPOO
1,19,24,study,PILL
1,19,1,recall,SHAMPOO
1,19,2,recall,PILL
1,19,3,recall,DRESSER
1,19,4,recall,ANNETTE
1,19,5,recall,ANTHONY
1,19,6,recall,JAMIE
1,19,7,recall,SARAH
1,19,8,recall,DREW
1,19,9,recall,DWIGHT
1,19,10,recall,TAJ
1,19,11,recall,PANAMA
1,19,12,recall,TIMBUKTU
1,19,13,recall,PILL
1,19,14,recall,SHAMPOO
1,19,15,recall,JACKET
1,19,16,recall,CANOE
1,19,17,recall,VIOLIN
1,20,1,study,MAHATMA GANDHI
1,20,2,study,ALEX RODRIGUEZ
1,20,3,study,JENNIFER ANISTON
1,20,4,study,JON VOIGHT
1,20,5,study,ALBERT EINSTEIN
1,20,6,study,ROBERT REDFORD
1,20,7,study,BENJAMIN FRANKLIN
1,20,8,study,STEPHEN COLBERT
1,20,9,study,FAITH HILL
1,20,10,study,SAMUEL L JACKSON
1,20,11,study,JASON BIGGS
1,20,12,study,MATTHEW PERRY
1,20,13,study,DUSTIN HOFFMAN
1,20,14,study,MARTIN LUTHER KING JR
1,20,15,study,DENZEL WASHINGTON
1,20,16,study,MARILYN MONROE
1,20,17,study,MIKE TYSON
1,20,18,study,DALAI LAMA
1,20,19,study,CHARLIE SHEEN
1,20,20,study,CONDOLEEZZA RICE
1,20,21,study,JOAQUIN PHOENIX
1,20,22,study,ADAM SANDLER
1,20,23,study,LISA KUDROW
1,20,24,study,KOBE BRYANT
1,20,1,recall,KOBE BRYANT
1,20,2,recall,LISA KUDROW
1,20,3,recall,JASON BIGGS
1,20,4,recall,ADAM SANDLER
1,20,5,recall,DENZEL WASHINGTON
1,20,6,recall,MAHATMA GANDHI
1,20,7,recall,JENNIFER ANISTON
1,20,8,recall,MATTHEW PERRY
1,20,9,recall,CONDOLEEZZA RICE
1,20,10,recall,BENJAMIN FRANKLIN
1,20,11,recall,DALAI LAMA
1,20,12,recall,JOAQUIN PHOENIX
1,20,13,recall,JON VOIGHT
1,20,14,recall,MARTIN LUTHER KING JR
1,20,15,recall,ALBERT EINSTEIN
1,20,16,recall,MARILYN MONROE
1,20,17,recall,STEPHEN COLBERT
1,21,1,study,BARBARA WALTERS
1,21,2,study,HULK HOGAN
1,21,3,study,CHRIS FARLEY
1,21,4,study,CHAIR
1,21,5,study,QUARTER
1,21,6,study,WALKMAN
1,21,7,study,SYDNEY OPERA HOUSE
1,21,8,study,ACADIA PARK
1,21,9,study,GUM
1,21,10,study,PRINTER
1,21,11,study,GRAND CANYON
1,21,12,study,ROCKEFELLER CENTER
1,21,13,study,PETRA
1,21,14,study,LONDON DUNGEON
1,21,15,study,SCARLETT JOHANSSON
1,21,16,study,TOM HANKS
1,21,17,study,ROMAN FORUM
1,21,18,study,ANGEL FALLS
1,21,19,study,FLOWERPOT
1,21,20,study,THERMOMETER
1,21,21,study,PAPER BAG
1,21,22,study,MEG RYAN
1,21,23,study,STEVE MARTIN
1,21,24,study,JOE DIMAGGIO
1,21,1,recall,JOE DIMAGGIO
1,21,2,recall,STEVE MARTIN
1,21,3,recall,TOM HANKS
1,21,4,recall,SCARLETT JOHANSSON
1,21,5,recall,MEG RYAN
1,21,6,recall,PAPER BAG
1,21,7,recall,THERMOMETER
1,21,8,recall,FLOWERPOT
1,21,9,recall,WALKMAN
1,21,10,recall,GRAND CANYON
1,21,11,recall,SYDNEY OPERA HOUSE
1,21,12,recall,LONDON DUNGEON
1,21,13,recall,PRINTER
1,22,1,study,BABE RUTH
1,22,2,study,ORLANDO BLOOM
1,22,3,study,BILL MAHER
1,22,4,study,REGIS PHILBIN
1,22,5,study,BOWLING BALL
1,22,6,study,KLEENEX
1,22,7,study,BUTTON
1,22,8,study,KEYCHAIN
1,22,9,study,MONTICELLO
1,22,10,study,BRANDENBURG GATE
1,22,11,study,SEA WORLD
1,22,12,study,MOUNT FUJI
1,22,13,study,CHRISTOPHER WALKEN
1,22,14,study,HOWARD STERN
1,22,15,study,KURT COBAIN
1,22,16,study,MARTHA STEWART
1,22,17,study,LIBERTY PLACE
1,22,18,study,VATICAN CITY
1,22,19,study,LINCOLN MEMORIAL
1,22,20,study,CAPE HORN
1,22,21,study,SKATEBOARD
1,22,22,study,SHOWER HEAD
1,22,23,study,MOUSE
1,22,24,study,FIRE EXTINGUISHER
1,22,1,recall,FIRE EXTINGUISHER
1,22,2,recall,MOUSE
1,22,3,recall,KURT COBAIN
1,22,4,recall,REGIS PHILBIN
1,22,5,recall,BILL MAHER
1,22,6,recall,MARTHA STEWART
1,22,7,recall,BABE RUTH
1,22,8,recall,BARBARA WALTERS
1,22,9,recall,BUTTON
1,22,10,recall,KLEENEX
1,22,11,recall,SHOWER HEAD
1,22,12,recall,VATICAN CITY
1,23,1,study,JIM MORRISON
1,23,2,study,HEATHER GRAHAM
1,23,3,study,COLIN POWELL
1,23,4,study,URINAL
1,23,5,study,BABY BIB
1,23,6,study,HOLLYWOOD
1,23,7,study,LAKE TAHOE
1,23,8,study,MILLENIUM PARK
1,23,9,study,GLOVES
1,23,10,study,FIREPLACE
1,23,11,study,KEN GRIFFEY
1,23,12,study,ROBERTO BENIGNI
1,23,13,study,CARROT TOP
1,23,14,study,SEVEN MILE BRIDGE
1,23,15,study,BUCKINGHAM PALACE
1,23,16,study,FLORENCE
1,23,17,study,MADONNA
1,23,18,study,BILLY CRYSTAL
1,23,19,study,MOUNT EVEREST
1,23,20,study,SERENGETI PLAIN
1,23,21,study,PUMPKIN
1,23,22,study,KNIFE
1,23,23,study,MASK
1,23,24,study,CIGARETTE
1,23,1,recall,CIGARETTE
1,23,2,recall,MASK
1,23,3,recall,KNIFE
1,23,4,recall,MADONNA
1,23,5,recall,HEATHER GRAHAM
1,23,6,recall,ROBERTO BENIGNI
1,23,7,recall,FLORENCE
1,23,8,recall,MOUNT EVEREST
1,23,9,recall,PUMPKIN
1,23,10,recall,SEA WORLD
1,24,1,study,MITTEN
1,24,2,study,STOCKING
1,24,3,study,BED
1,24,4,study,MICROCHIP
1,24,5,study,TENT
1,24,6,study,SURGE PROTECTOR
1,24,7,study,HANDLE
1,24,8,study,LANTERN
1,24,9,study,LADDER
1,24,10,study,TROPHY
1,24,11,study,WEDDING DRESS
1,24,12,study,TRIPOD
1,24,13,study,PEPPER
1,24,14,study,LENS
1,24,15,study,EMERALD
1,24,16,study,CACTUS
1,24,17,study,PAPER CLIP
1,24,18,study,PEDAL
1,24,19,study,DICE
1,24,20,study,AXE
1,24,21,study,BOWL
1,24,22,study,PETRI DISH
1,24,23,study,LIGHT SWITCH
1,24,24,study,PEN
1,24,1,recall,PEN
1,24,2,recall,BOWL
1,24,3,recall,LIGHT SWITCH
1,24,4,recall,BED
1,24,5,recall,DICE
1,24,6,recall,AXE
1,24,7,recall,TENT
1,24,8,recall,MITTEN
1,24,9,recall,STOCKING
1,24,10,recall,PEDAL
1,24,11,recall,HANDLE
1,24,12,recall,SURGE PROTECTOR
1,24,13,recall,MICROCHIP
1,24,14,recall,PAPER CLIP
1,25,1,study,JOAN RIVERS
1,25,2,study,BRUCE LEE
1,25,3,study,PETER JENNINGS
1,25,4,study,ANDRE3000
1,25,5,study,TOM BROKAW
1,25,6,study,CHER
1,25,7,study,JOHN LENNON
1,25,8,study,KATIE COURIC
1,25,9,study,BEN KINGSLEY
1,25,10,study,ASHTON KUTCHER
1,25,11,study,TOBEY MAGUIRE
1,25,12,study,ANGELINA JOLIE
1,25,13,study,MICHAEL JACKSON
1,25,14,study,STEVEN SPIELBERG
1,25,15,study,PRINCE WILLIAM
1,25,16,study,MEL GIBSON
1,25,17,study,BRITTANY MURPHY
1,25,18,study,ELVIS PRESLEY
1,25,19,study,BONO
1,25,20,study,KEIRA KNIGHTLEY
1,25,21,study,LIZA MINELLI
1,25,22,study,OPRAH WINFREY
1,25,23,study,DAVID BECKHAM
1,25,24,study,CAMERON DIAZ
1,25,1,recall,CAMERON DIAZ
1,25,2,recall,DAVID BECKHAM
1,25,3,recall,OPRAH WINFREY
1,25,4,recall,BRITTANY MURPHY
1,25,5,recall,ASHTON KUTCHER
1,25,6,recall,CHER
1,25,7,recall,TOM BROKAW
1,25,8,recall,PETER JENNINGS
1,25,9,recall,KATIE COURIC
1,25,10,recall,LIZA MINELLI
1,25,11,recall,BEN KINGSLEY
1,25,12,recall,ANGELINA JOLIE
1,25,13,recall,BONO
1,25,14,recall,JOHN LENNON
1,25,15,recall,ANDRE3000
1,25,16,recall,MEL GIBSON
1,26,1,study,BLUE MOSQUE
1,26,2,study,GIANT'S CAUSEWAY
1,26,3,study,KITTY HAWK BEACH
1,26,4,study,MONTMARTRE
1,26,5,study,ARC DE TRIOMPHE
1,26,6,study,VICTORIA FALLS
1,26,7,study,TOWER BRIDGE
1,26,8,study,SISTINE CHAPEL
1,26,9,study,POMPEI
1,26,10,study,YOSEMITE
1,26,11,study,LENIN MAUSOLEUM
1,26,12,study,PARIS OPERA
1,26,13,study,CARNEGIE HALL
1,26,14,study,WALK OF FAME
1,26,15,study,MOUNT KILIMANJARO
1,26,16,study,SAN ANDREAS
1,26,17,study,ROCK AND ROLL HALL OF FAME
1,26,18,study,TAHITI
1,26,19,study,GIZA PYRAMIDS
1,26,20,study,PETRONAS TOWERS
1,26,21,study,LES INVALIDES
1,26,22,study,MACHU PICHU
1,26,23,study,SHEA STADIUM
1,26,24,study,WORLD WAR II MEMORIAL
1,26,1,recall,WORLD WAR II MEMORIAL
1,26,2,recall,GIZA PYRAMIDS
1,26,3,recall,MACHU PICHU
1,26,4,recall,VICTORIA FALLS
1,26,5,recall,ARC DE TRIOMPHE
1,26,6,recall,SISTINE CHAPEL
1,26,7,recall,SAN ANDREAS
1,26,8,recall,YOSEMITE
1,26,9,recall,TOWER BRIDGE
1,26,10,recall,PETRONAS TOWERS
1,26,11,recall,SHEA STADIUM
1,26,12,recall,BLUE MOSQUE
1,26,13,recall,POMPEI
1,26,14,recall,KITTY HAWK BEACH
1,26,15,recall,TAHITI
1,27,1,study,SCARF
1,27,2,study,SOCK
1,27,3,study,RALPH NADER
1,27,4,study,GARTH BROOKS
1,27,5,study,WOOLWORTH BUILDING
1,27,6,study,MONTEGO BAY
1,27,7,study,CAMERA
1,27,8,study,SPRAY PAINT
1,27,9,study,ROSE
1,27,10,study,SADDLE
1,27,11,study,SIERRA NEVADA
1,27,12,study,ARABIAN TOWER
1,27,13,study,BOURBON STREET
1,27,14,study,DEAD SEA
1,27,15,study,DAVID DUCHOVNY
1,27,16,study,BILL MURRAY
1,27,17,study,HARRISON FORD
1,27,18,study,WOLF BLITZER
1,27,19,study,CROWN
1,27,20,study,WHIP
1,27,21,study,BRUCE WILLIS
1,27,22,study,MATT DAMON
1,27,23,study,LUXOR HOTEL
1,27,24,study,HONG KONG
1,27,1,recall,HONG KONG
1,27,2,recall,LUXOR HOTEL
1,27,3,recall,DAVID DUCHOVNY
1,27,4,recall,BRUCE WILLIS
1,27,5,recall,MATT DAMON
1,27,6,recall,RALPH NADER
1,27,7,recall,SOCK
1,27,8,recall,SCARF
1,27,9,recall,MONTEGO BAY
1,27,10,recall,ARABIAN TOWER
1,27,11,recall,SIERRA NEVADA
1,27,12,recall,BOURBON STREET
1,28,1,study,DEODORANT
1,28,2,study,SHOVEL
1,28,3,study,CAR SEAT
1,28,4,study,SAFE
1,28,5,study,HIGHLIGHTER
1,28,6,study,THERMOS
1,28,7,study,CHAIN
1,28,8,study,BASKETBALL HOOP
1,28,9,study,GRILL
1,28,10,study,STOP SIGN
1,28,11,study,HELMET
1,28,12,study,UMBRELLA
1,28,13,study,GOBLET
1,28,14,study,MIRROR
1,28,15,study,CD
1,28,16,study,DOLLAR
1,28,17,study,RING
1,28,18,study,WAFFLE
1,28,19,study,BOUQUET
1,28,20,study,STEERING WHEEL
1,28,21,study,MAILBOX
1,28,22,study,JACKHAMMER
1,28,23,study,SEASHELL
1,28,24,study,BANNER
1,28,1,recall,BANNER
1,28,2,recall,SEASHELL
1,28,3,recall,HIGHLIGHTER
1,28,4,recall,MIRROR
1,28,5,recall,CHAIN
1,28,6,recall,JACKHAMMER
1,28,7,recall,SHOVEL
1,28,8,recall,DEODORANT
1,28,9,recall,BOUQUET
1,28,10,recall,RING
1,28,11,recall,HELMET
1,28,12,recall,UMBRELLA
1,28,13,recall,CAR SEAT
1,29,1,study,ALICIA KEYS
1,29,2,study,ABRAHAM LINCOLN
1,29,3,study,MOUSETRAP
1,29,4,study,SINK
1,29,5,study,SAHARA
1,29,6,study,SHANGHAI
1,29,7,study,YANKEE STADIUM
1,29,8,study,INTERCOM
1,29,9,study,BOLT
1,29,10,study,FOAM CUP
1,29,11,study,WINDOW
1,29,12,study,DAN RATHER
1,29,13,study,PETER O'TOOLE
1,29,14,study,PRINCESS DIANA
1,29,15,study,MICHAEL DOUGLAS
1,29,16,study,CHATEAU CHAMBORD
1,29,17,study,LUXEMBOURG PALACE
1,29,18,study,BASEBALL BAT
1,29,19,study,BUCKET
1,29,20,study,BRAD PITT
1,29,21,study,BILL COSBY
1,29,22,study,SMOKY MOUNTAINS
1,29,23,study,CHRYSLER BUILDING
1,29,24,study,LINCOLN CENTER
1,29,1,recall,LINCOLN CENTER
1,29,2,recall,CHRYSLER BUILDING
1,29,3,recall,LUXEMBOURG PALACE
1,29,4,recall,CHATEAU CHAMBORD
1,29,5,recall,BILL COSBY
1,29,6,recall,BRAD PITT
1,29,7,recall,DAN RATHER
1,29,8,recall,BASEBALL BAT
1,29,9,recall,YANKEE STADIUM
1,29,10,recall,BUCKET
1,29,11,recall,PRINCESS DIANA
1,29,12,recall,BOLT
1,30,1,study,BILLY BOB THORNTON
1,30,2,study,JENNIFER LOPEZ
1,30,3,study,SAUCEPAN
1,30,4,study,WATCH
1,30,5,study,ST PATRICKS CATHEDRAL
1,30,6,study,CHICAGO
1,30,7,study,INDEPENDENCE HALL
1,30,8,study,CINDERELLA CASTLE
1,30,9,study,MICROPHONE
1,30,10,study,PENDULUM
1,30,11,study,EARRINGS
1,30,12,study,SWORD
1,30,13,study,BIRDHOUSE
1,30,14,study,BRUSH
1,30,15,study,LEBRON JAMES
1,30,16,study,AL PACINO
1,30,17,study,BRITNEY SPEARS
1,30,18,study,JIMMY CARTER
1,30,19,study,AUDREY HEPBURN
1,30,20,study,KEVIN SPACEY
1,30,21,study,CAMDEN YARDS
1,30,22,study,TRAFALGAR SQUARE
1,30,23,study,GOLDEN GATE BRIDGE
1,30,24,study,VERSAILLES
1,30,1,recall,VERSAILLES
1,30,2,recall,GOLDEN GATE BRIDGE
1,30,3,recall,CAMDEN YARDS
1,30,4,recall,JIMMY CARTER
1,30,5,recall,AUDREY HEPBURN
1,30,6,recall,BRITNEY SPEARS
1,30,7,recall,JENNIFER LOPEZ
1,30,8,recall,BILLY BOB THORNTON
1,30,9,recall,ST PATRICKS CATHEDRAL
1,30,10,recall,BRUSH
1,31,1,study,WREATH
1,31,2,study,HANDCUFFS
1,31,3,study,TERRELL OWENS
1,31,4,study,SNOOP DOGG
1,31,5,study,GEORGE WASHINGTON BRIDGE
1,31,6,study,CORCOVADO
1,31,7,study,FLASK
1,31,8,study,TV
1,31,9,study,LAMP
1,31,10,study,GAS MASK
1,31,11,study,KENSINGTON PALACE
1,31,12,study,NAPA VALLEY
1,31,13,study,OLYMPIA
1,31,14,study,MICHAEL MOORE
1,31,15,study,SIMON COWELL
1,31,16,study,BOB SAGET
1,31,17,study,LEAF
1,31,18,study,ACORN
1,31,19,study,TINA TURNER
1,31,20,study,MARIAH CAREY
1,31,21,study,JOHN F KENNEDY
1,31,22,study,BAVARIAN CASTLE
1,31,23,study,RIO DE JANEIRO
1,31,24,study,SALT LAKE TEMPLE
1,31,1,recall,SALT LAKE TEMPLE
1,31,2,recall,RIO DE JANEIRO
1,31,3,recall,JOHN F KENNEDY
1,31,4,recall,MARIAH CAREY
1,31,5,recall,TINA TURNER
1,31,6,recall,ACORN
1,31,7,recall,LEAF
1,31,8,recall,SINK
1,32,1,study,ALEX TREBEK
1,32,2,study,DOLLY PARTON
1,32,3,study,DEMI MOORE
1,32,4,study,JACK BLACK
1,32,5,study,BILL GATES
1,32,6,study,JENNE MOSQUE
1,32,7,study,ALAMO
1,32,8,study,AYERS ROCK
1,32,9,study,KOREAN WAR MEMORIAL
1,32,10,study,MODEM
1,32,11,study,PIE
1,32,12,study,VASE
1,32,13,study,DRILL
1,32,14,study,PONT DU GARD
1,32,15,study,MADISON SQUARE GARDEN
1,32,16,study,BRYCE CANYON
1,32,17,study,KYOTO
1,32,18,study,BAYONET
1,32,19,study,TOMATO
1,32,20,study,NECKLACE
1,32,21,study,BOTTLE
1,32,22,study,CATHERINE ZETA JONES
1,32,23,study,GENE HACKMAN
1,32,24,study,JOHNNY DEPP
1,32,1,recall,AL PACINO
1,32,2,recall,DOLLY PARTON
1,32,3,recall,CATHERINE ZETA JONES
1,32,4,recall,JOHNNY DEPP
1,32,5,recall,BRYCE CANYON
1,32,6,recall,PIE
1,32,7,recall,VASE
1,32,8,recall,DEMI MOORE
1,33,1,study,SWORD
1,33,2,study,PUMPKIN
1,33,3,study,CROWN
1,33,4,study,WINSTON CHURCHILL
1,33,5,study,LIAM NEESON
1,33,6,study,PICADILLY CIRCUS
1,33,7,study,SISTINE CHAPEL
1,33,8,study,VINCE VAUGHN
1,33,9,study,BEN STILLER
1,33,10,study,WILL SMITH
1,33,11,study,ANNETTE BENING
1,33,12,study,BOOK
1,33,13,study,TOILET SEAT
1,33,14,study,FIREPLACE
1,33,15,study,MASSACHUSETS STATE HOUSE
1,33,16,study,GREAT WALL OF CHINA
1,33,17,study,PETRA
1,33,18,study,JENNE MOSQUE
1,33,19,study,GLUE STICK
1,33,20,study,DESK
1,33,21,study,WALK OF FAME
1,33,22,study,WOOLWORTH BUILDING
1,33,23,study,HUGH GRANT
1,33,24,study,RODNEY DANGERFIELD
1,33,1,recall,RODNEY DANGERFIELD
1,33,2,recall,WOOLWORTH BUILDING
1,33,3,recall,JENNE MOSQUE
1,33,4,recall,SISTINE CHAPEL
1,33,5,recall,PETRA
1,33,6,recall,WILL SMITH
1,33,7,recall,VINCE VAUGHN
1,33,8,recall,LIAM NEESON
1,33,9,recall,WINSTON CHURCHILL
1,33,10,recall,SWORD
1,33,11,recall,CROWN
1,33,12,recall,ANNETTE BENING
1,33,13,recall,RODNEY DANGERFIELD
1,33,14,recall,MASSACHUSETS STATE HOUSE
1,33,15,recall,HUGH GRANT
1,33,16,recall,DESK
1,33,17,recall,FIREPLACE
1,33,18,recall,TOILET SEAT
1,34,1,study,DREW BARRYMORE
1,34,2,study,TOM CRUISE
1,34,3,study,BOB DYLAN
1,34,4,study,PRINCE CHARLES
1,34,5,study,JOHN TRAVOLTA
1,34,6,study,SYLVESTER STALLONE
1,34,7,study,MICHAEL DOUGLAS
1,34,8,study,ROSEANNE BARR
1,34,9,study,ROBERT REDFORD
1,34,10,study,DOLLY PARTON
1,34,11,study,OWEN WILSON
1,34,12,study,GWEN STEFANI
1,34,13,study,BRUCE WILLIS
1,34,14,study,CHER
1,34,15,study,JIM CARREY
1,34,16,study,SEAN PENN
1,34,17,study,WOLF BLITZER
1,34,18,study,KURT COBAIN
1,34,19,study,DAVID SPADE
1,34,20,study,LIZA MINELLI
1,34,21,study,BRITTANY MURPHY
1,34,22,study,JACKIE CHAN
1,34,23,study,RUSSELL CROWE
1,34,24,study,JENNIFER ANISTON
1,34,1,recall,JENNIFER ANISTON
1,34,2,recall,RUSSELL CROWE
1,34,3,recall,TOM CRUISE
1,34,4,recall,GWEN STEFANI
1,34,5,recall,KURT COBAIN
1,34,6,recall,DREW BARRYMORE
1,34,7,recall,LIZA MINELLI
1,34,8,recall,JOHN TRAVOLTA
1,34,9,recall,SYLVESTER STALLONE
1,34,10,recall,PRINCE CHARLES
1,34,11,recall,CHER
1,34,12,recall,SEAN PENN
1,34,13,recall,MICHAEL DOUGLAS
1,34,14,recall,JIM CARREY
1,34,15,recall,ROBERT REDFORD
1,34,16,recall,ROSEANNE BARR
1,35,1,study,JOHN MCCAIN
1,35,2,study,DANE COOK
1,35,3,study,BILL MURRAY
1,35,4,study,HANGER
1,35,5,study,SINK
1,35,6,study,STATUE OF LIBERTY
1,35,7,study,WASHINGTON MONUMENT
1,35,8,study,LIGHTER
1,35,9,study,TRASH CAN
1,35,10,study,SOAP
1,35,11,study,NEWSPAPER
1,35,12,study,ALEC BALDWIN
1,35,13,study,CHARLIZE THERON
1,35,14,study,ARUBA
1,35,15,study,ALCATRAZ
1,35,16,study,COVENT GARDEN
1,35,17,study,SYDNEY OPERA HOUSE
1,35,18,study,DEBRA MESSING
1,35,19,study,KEN GRIFFEY
1,35,20,study,COURTENEY COX
1,35,21,study,BELT
1,35,22,study,PADLOCK
1,35,23,study,SHANGHAI
1,35,24,study,BLUE MOSQUE
1,35,1,recall,BLUE MOSQUE
1,35,2,recall,SHANGHAI
1,35,3,recall,COURTENEY COX
1,35,4,recall,DEBRA MESSING
1,35,5,recall,WASHINGTON MONUMENT
1,35,6,recall,STATUE OF LIBERTY
1,35,7,recall,SYDNEY OPERA HOUSE
1,35,8,recall,COVENT GARDEN
1,35,9,recall,ARUBA
1,35,10,recall,BILL MURRAY
1,35,11,recall,SINK
1,35,12,recall,TRASH CAN
1,35,13,recall,SOAP
1,35,14,recall,HANGER
1,35,15,recall,CHARLIZE THERON
1,35,16,recall,JOHN MCCAIN
1,35,17,recall,ALCATRAZ
1,36,1,study,BELL
1,36,2,study,BIRDHOUSE
1,36,3,study,ZIPLOCK BAG
1,36,4,study,KLEENEX
1,36,5,study,KEVIN SPACEY
1,36,6,study,TOM BROKAW
1,36,7,study,DAVID DUCHOVNY
1,36,8,study,WILL FERRELL
1,36,9,study,POMPEI
1,36,10,study,JEFFERSON MEMORIAL
1,36,11,study,MADISON SQUARE GARDEN
1,36,12,study,NAPA VALLEY
1,36,13,study,OXFORD
1,36,14,study,CIGARETTE
1,36,15,study,TEAPOT
1,36,16,study,SHOVEL
1,36,17,study,GUITAR
1,36,18,study,ROMAN FORUM
1,36,19,study,WINTER PALACE
1,36,20,study,ALAMO
1,36,21,study,ALEX RODRIGUEZ
1,36,22,study,JOE DIMAGGIO
1,36,23,study,MATTHEW PERRY
1,36,24,study,ROBERTO BENIGNI
1,36,1,recall,ROBERTO BENIGNI
1,36,2,recall,MATTHEW PERRY
1,36,3,recall,TOM BROKAW
1,36,4,recall,WILL FERRELL
1,36,5,recall,KEVIN SPACEY
1,36,6,recall,ALAMO
1,36,7,recall,JEFFERSON MEMORIAL
1,36,8,recall,WINTER PALACE
1,36,9,recall,ROMAN FORUM
1,36,10,recall,POMPEI
1,36,11,recall,SHOVEL
1,36,12,recall,TEAPOT
1,36,13,recall,ZIPLOCK BAG
1,36,14,recall,BIRDHOUSE
1,36,15,recall,BELL
1,36,16,recall,DAVID DUCHOVNY
1,37,1,study,LAWN MOWER
1,37,2,study,HANDCUFFS
1,37,3,study,CAMERA
1,37,4,study,GLASS
1,37,5,study,SAUCEPAN
1,37,6,study,CACTUS
1,37,7,study,KEYS
1,37,8,study,PIE
1,37,9,study,CANDLE
1,37,10,study,DRESSER
1,37,11,study,MODEM
1,37,12,study,SPRAY PAINT
1,37,13,study,QUARTER
1,37,14,study,CURTAIN
1,37,15,study,BARCODE SCANNER
1,37,16,study,LAMP
1,37,17,study,TROPHY
1,37,18,study,KNIFE
1,37,19,study,INTERCOM
1,37,20,study,WATER GUN
1,37,21,study,FEATHER
1,37,22,study,SKATEBOARD
1,37,23,study,VASE
1,37,24,study,WATCH
1,37,1,recall,WATCH
1,37,2,recall,SKATEBOARD
1,37,3,recall,KNIFE
1,37,4,recall,TROPHY
1,37,5,recall,VASE
1,37,6,recall,DRESSER
1,37,7,recall,LAWN MOWER
1,37,8,recall,INTERCOM
1,37,9,recall,MODEM
1,37,10,recall,BARCODE SCANNER
1,37,11,recall,KEYS
1,37,12,recall,LAMP
1,37,13,recall,WATER GUN
1,37,14,recall,SPRAY PAINT
1,37,15,recall,BELT
1,37,16,recall,WATCH
1,38,1,study,SOHO
1,38,2,study,MALL OF AMERICA
1,38,3,study,EIFFEL TOWER
1,38,4,study,MOULIN ROUGE
1,38,5,study,VICTORIA FALLS
1,38,6,study,QUINCY MARKET
1,38,7,study,CAMDEN YARDS
1,38,8,study,HONG KONG
1,38,9,study,SIERRA NEVADA
1,38,10,study,SPACE NEEDLE
1,38,11,study,GIANT'S CAUSEWAY
1,38,12,study,INDIANAPOLIS MOTOR SPEEDWAY
1,38,13,study,SAN ANDREAS
1,38,14,study,AMAZON RIVER
1,38,15,study,DELPHI
1,38,16,study,BRANDENBURG GATE
1,38,17,study,PHILADELPHIA ART MUSEUM
1,38,18,study,MAYAN PYRAMID
1,38,19,study,YELLOWSTONE
1,38,20,study,IWO JIMA MEMORIAL
1,38,21,study,ROCKEFELLER CENTER
1,38,22,study,WALL STREET
1,38,23,study,LINCOLN CENTER
1,38,24,study,AYERS ROCK
1,38,1,recall,AYERS ROCK
1,38,2,recall,CAMDEN YARDS
1,38,3,recall,IWO JIMA MEMORIAL
1,38,4,recall,HONG KONG
1,38,5,recall,MAYAN PYRAMID
1,38,6,recall,WALL STREET
1,38,7,recall,ROCKEFELLER CENTER
1,38,8,recall,SIERRA NEVADA
1,38,9,recall,SAN ANDREAS
1,38,10,recall,YELLOWSTONE
1,38,11,recall,VICTORIA FALLS
1,38,12,recall,MADISON SQUARE GARDEN
1,38,13,recall,BRANDENBURG GATE
1,38,14,recall,GIANT'S CAUSEWAY
1,38,15,recall,DELPHI
1,38,16,recall,EIFFEL TOWER
1,38,17,recall,SPACE NEEDLE
1,39,1,study,JUSTIN TIMBERLAKE
1,39,2,study,RENEE ZELLWEGER
1,39,3,study,SAMUEL L JACKSON
1,39,4,study,BILL GATES
1,39,5,study,PIERCE BROSNAN
1,39,6,study,TAJ MAHAL
1,39,7,study,LENIN MAUSOLEUM
1,39,8,study,MOUNT KILIMANJARO
1,39,9,study,BIG BEN
1,39,10,study,FAUCET
1,39,11,study,SHELF
1,39,12,study,BOWLING BALL
1,39,13,study,EARRINGS
1,39,14,study,AL PACINO
1,39,15,study,DICK CHENEY
1,39,16,study,BARBARA WALTERS
1,39,17,study,HELMET
1,39,18,study,CALENDAR
1,39,19,study,WHIP
1,39,20,study,ROSE
1,39,21,study,PARIS OPERA
1,39,22,study,TREVI FOUNTAIN
1,39,23,study,CAPE OF GOOD HOPE
1,39,24,study,WHITE CLIFFS OF DOVER
1,39,1,recall,WHITE CLIFFS OF DOVER
1,39,2,recall,CAPE OF GOOD HOPE
1,39,3,recall,BARBARA WALTERS
1,39,4,recall,DICK CHENEY
1,39,5,recall,SAMUEL L JACKSON
1,39,6,recall,RENEE ZELLWEGER
1,39,7,recall,AL PACINO
1,39,8,recall,FAUCET
1,39,9,recall,WHIP
1,39,10,recall,SHELF
1,39,11,recall,EARRINGS
1,39,12,recall,TREVI FOUNTAIN
1,39,13,recall,BIG BEN
1,39,14,recall,PARIS OPERA
1,40,1,study,JOHNNY DEPP
1,40,2,study,LISA KUDROW
1,40,3,study,CAPE CANAVERAL
1,40,4,study,INDEPENDENCE HALL
1,40,5,study,PEN
1,40,6,study,NEST
1,40,7,study,MARGARET THATCHER
1,40,8,study,PETER O'TOOLE
1,40,9,study,SNOOP DOGG
1,40,10,study,DONALD RUMSFELD
1,40,11,study,SEARS TOWER
1,40,12,study,KITTY HAWK BEACH
1,40,13,study,BOURBON STREET
1,40,14,study,WRIGLEY FIELD
1,40,15,study,SURGE PROTECTOR
1,40,16,study,CRAYONS
1,40,17,study,CRADLE
1,40,18,study,LIGHTBULB
1,40,19,study,CAPITOL HILL
1,40,20,study,VERSAILLES
1,40,21,study,STEPHEN COLBERT
1,40,22,study,SCARLETT JOHANSSON
1,40,23,study,FLASK
1,40,24,study,STAPLE REMOVER
1,40,1,recall,STAPLE REMOVER
1,40,2,recall,FLASK
1,40,3,recall,SCARLETT JOHANSSON
1,40,4,recall,DONALD RUMSFELD
1,40,5,recall,STEPHEN COLBERT
1,40,6,recall,VERSAILLES
1,40,7,recall,KITTY HAWK BEACH
1,40,8,recall,STAPLE REMOVER
1,40,9,recall,LIGHTBULB
1,40,10,recall,CRAYONS
1,40,11,recall,PEN
1,40,12,recall,LISA KUDROW
1,40,13,recall,JOHNNY DEPP
1,40,14,recall,CAPITOL HILL
1,40,15,recall,WRIGLEY FIELD
1,40,16,recall,CAPE CANAVERAL
1,40,17,recall,SURGE PROTECTOR
1,41,1,study,ST PATRICKS CATHEDRAL
1,41,2,study,IGUAZU FALLS
1,41,3,study,PACIFIC BELL PARK
1,41,4,study,UNITED NATIONS BUILDING
1,41,5,study,CORCOVADO
1,41,6,study,TOWER OF LONDON
1,41,7,study,ABU SIMBEL
1,41,8,study,HAYDEN PLANETARIUM
1,41,9,study,PLYMOUTH PLANTATION
1,41,10,study,VATICAN CITY
1,41,11,study,SAHARA
1,41,12,study,ATLANTIC CITY
1,41,13,study,CHICAGO
1,41,14,study,QUEBEC
1,41,15,study,PEARL HARBOR
1,41,16,study,BUNKER HILL
1,41,17,study,NAVAL ACADEMY CHAPEL
1,41,18,study,EPCOT CENTER
1,41,19,study,PENTAGON
1,41,20,study,KRONBORG CASTLE
1,41,21,study,MOUNT RAINIER
1,41,22,study,PRADO MUSEUM
1,41,23,study,THE VENETIAN
1,41,24,study,CAPILANO BRIDGE
1,41,1,recall,CAPILANO BRIDGE
1,41,2,recall,THE VENETIAN
1,41,3,recall,IGUAZU FALLS
1,41,4,recall,CORCOVADO
1,41,5,recall,TOWER OF LONDON
1,41,6,recall,VATICAN CITY
1,41,7,recall,PENTAGON
1,41,8,recall,BUNKER HILL
1,41,9,recall,PLYMOUTH PLANTATION
1,41,10,recall,ST PATRICKS CATHEDRAL
1,41,11,recall,SAHARA
1,41,12,recall,PEARL HARBOR
1,41,13,recall,MOUNT RAINIER
1,42,1,study,DEMI MOORE
1,42,2,study,GWYNETH PALTROW
1,42,3,study,LINDSAY LOHAN
1,42,4,study,MICHAEL JORDAN
1,42,5,study,JOAQUIN PHOENIX
1,42,6,study,VIN DIESEL
1,42,7,study,ALICIA KEYS
1,42,8,study,BOB SAGET
1,42,9,study,MARIAH CAREY
1,42,10,study,JACK NICHOLSON
1,42,11,study,BEN KINGSLEY
1,42,12,study,LEONARDO DICAPRIO
1,42,13,study,BARRY BONDS
1,42,14,study,REGIS PHILBIN
1,42,15,study,TONY BLAIR
1,42,16,study,HOWARD STERN
1,42,17,study,JIMI HENDRIX
1,42,18,study,ELVIS PRESLEY
1,42,19,study,NICOLE KIDMAN
1,42,20,study,MAHATMA GANDHI
1,42,21,study,GENE HACKMAN
1,42,22,study,ORLANDO BLOOM
1,42,23,study,CONDOLEEZZA RICE
1,42,24,study,KATE WINSLET
1,42,1,recall,KATE WINSLET
1,42,2,recall,CONDOLEEZZA RICE
1,42,3,recall,DEMI MOORE
1,42,4,recall,GWYNETH PALTROW
1,42,5,recall,LINDSAY LOHAN
1,42,6,recall,NICOLE KIDMAN
1,42,7,recall,BARRY BONDS
1,42,8,recall,MICHAEL JORDAN
1,42,9,recall,JACK NICHOLSON
1,42,10,recall,ELVIS PRESLEY
1,42,11,recall,HOWARD STERN
1,42,12,recall,JIMI HENDRIX
1,42,13,recall,TONY BLAIR
1,42,14,recall,NICOLE KIDMAN
1,42,15,recall,MARIAH CAREY
1,42,16,recall,ALICIA KEYS
1,42,17,recall,SNOOP DOGG
1,42,18,recall,REGIS PHILBIN
1,43,1,study,VACUUM CLEANER
1,43,2,study,THERMOMETER
1,43,3,study,BUTTON
1,43,4,study,JOYSTICK
1,43,5,study,LEGO
1,43,6,study,WIMBLEDON
1,43,7,study,MOUNT BLANC
1,43,8,study,JESSICA SIMPSON
1,43,9,study,EMINEM
1,43,10,study,ALBERT EINSTEIN
1,43,11,study,JACQUES CHIRAC
1,43,12,study,SARAH JESSICA PARKER
1,43,13,study,BRYCE CANYON
1,43,14,study,BELLAGIO FOUNTAINS
1,43,15,study,GETTYSBURG
1,43,16,study,SAN FRANCISCO
1,43,17,study,MECCA
1,43,18,study,ST MARKS BASILICA
1,43,19,study,LEBRON JAMES
1,43,20,study,CHRISTOPHER REEVE
1,43,21,study,BILL CLINTON
1,43,22,study,JEANS
1,43,23,study,TWEEZERS
1,43,24,study,PILL
1,43,1,recall,PILL
1,43,2,recall,TWEEZERS
1,43,3,recall,BILL CLINTON
1,43,4,recall,LEBRON JAMES
1,43,5,recall,BUTTON
1,43,6,recall,JEANS
1,43,7,recall,BRYCE CANYON
1,43,8,recall,JESSICA SIMPSON
1,43,9,recall,VACUUM CLEANER
1,43,10,recall,THERMOMETER
1,43,11,recall,WIMBLEDON
1,43,12,recall,JACQUES CHIRAC
1,44,1,study,GREAT BARRIER REEF
1,44,2,study,COLOSSEUM
1,44,3,study,ACADIA PARK
1,44,4,study,SMOKY MOUNTAINS
1,44,5,study,FRIDGE
1,44,6,study,INHALER
1,44,7,study,STEERING WHEEL
1,44,8,study,JENNIFER LOPEZ
1,44,9,study,BRUCE SPRINGSTEEN
1,44,10,study,LARRY KING
1,44,11,study,JOAN RIVERS
1,44,12,study,KOREAN WAR MEMORIAL
1,44,13,study,LUXEMBOURG PALACE
1,44,14,study,NICOLAS CAGE
1,44,15,study,LANCE ARMSTRONG
1,44,16,study,BANDAID
1,44,17,study,PEPPER
1,44,18,study,THE MET
1,44,19,study,HARRODS
1,44,20,study,DAVID HASSELHOFF
1,44,21,study,STEVE MARTIN
1,44,22,study,SHIRT
1,44,23,study,HIGHLIGHTER
1,44,24,study,RAKE
1,44,1,recall,RAKE
1,44,2,recall,DAVID HASSELHOFF
1,44,3,recall,STEVE MARTIN
1,44,4,recall,SHIRT
1,44,5,recall,BUTTON
1,44,6,recall,HIGHLIGHTER
1,44,7,recall,INHALER
1,44,8,recall,THERMOMETER
1,44,9,recall,STEERING WHEEL
1,44,10,recall,FRIDGE
1,44,11,recall,JOAN RIVERS
1,45,1,study,GOBLET
1,45,2,study,BASKETBALL HOOP
1,45,3,study,FLOWERPOT
1,45,4,study,SEASHELL
1,45,5,study,MAYONNAISE
1,45,6,study,KEYCHAIN
1,45,7,study,STAMP
1,45,8,study,TOILET PAPER
1,45,9,study,EASEL
1,45,10,study,GLOVES
1,45,11,study,LIPSTICK
1,45,12,study,WREATH
1,45,13,study,PERFUME
1,45,14,study,BOX
1,45,15,study,HIGH CHAIR
1,45,16,study,PENCIL SHARPENER
1,45,17,study,CORD
1,45,18,study,WAFFLE
1,45,19,study,BRICK
1,45,20,study,PENDULUM
1,45,21,study,MAILBOX
1,45,22,study,STONE
1,45,23,study,BALLOON
1,45,24,study,SYRINGE
1,45,1,recall,SYRINGE
1,45,2,recall,BALLOON
1,45,3,recall,PENCIL SHARPENER
1,45,4,recall,GOBLET
1,45,5,recall,FLOWERPOT
1,45,6,recall,EASEL
1,45,7,recall,STAMP
1,45,8,recall,TOILET PAPER
1,45,9,recall,BOX
1,46,1,study,CARLSBAD CAVERNS
1,46,2,study,BUCKINGHAM FOUNTAIN
1,46,3,study,MOUNT VESUVIUS
1,46,4,study,ROCK OF GIBRALTAR
1,46,5,study,QUEEN LATIFAH
1,46,6,study,DAN RATHER
1,46,7,study,STOP SIGN
1,46,8,study,CHAIR
1,46,9,study,YOSEMITE
1,46,10,study,JOHN HANCOCK CENTER
1,46,11,study,GRAND CANYON
1,46,12,study,LONDON DUNGEON
1,46,13,study,YARN
1,46,14,study,PAPER BAG
1,46,15,study,UKELELE
1,46,16,study,LENS
1,46,17,study,KETCHUP
1,46,18,study,WINDOW
1,46,19,study,COLIN FARRELL
1,46,20,study,REESE WITHERSPOON
1,46,21,study,MATT DAMON
1,46,22,study,ANTONIO BANDERAS
1,46,23,study,NELSON MANDELA
1,46,24,study,MEL GIBSON
1,46,1,recall,MEL GIBSON
1,46,2,recall,NELSON MANDELA
1,46,3,recall,REESE WITHERSPOON
1,46,4,recall,MATT DAMON
1,46,5,recall,ANTONIO BANDERAS
1,46,6,recall,DAN RATHER
1,46,7,recall,QUEEN LATIFAH
1,46,8,recall,MOUNT VESUVIUS
1,46,9,recall,YOSEMITE
1,46,10,recall,ROCK OF GIBRALTAR
1,46,11,recall,LONDON DUNGEON
1,46,12,recall,BUCKINGHAM PALACE
1,46,13,recall,BUCKINGHAM FOUNTAIN
1,46,14,recall,CARLSBAD CAVERNS
1,47,1,study,HAT
1,47,2,study,RING
1,47,3,study,PARK AVENUE
1,47,4,study,ROSE BOWL
1,47,5,study,LAKE TAHOE
1,47,6,study,VIENNA
1,47,7,study,CAMERON DIAZ
1,47,8,study,TOBEY MAGUIRE
1,47,9,study,JOHN F KENNEDY
1,47,10,study,JANE FONDA
1,47,11,study,SERENGETI PLAIN
1,47,12,study,PONT DU GARD
1,47,13,study,ALEX TREBEK
1,47,14,study,COLIN POWELL
1,47,15,study,TOWEL
1,47,16,study,ALLENWRENCH
1,47,17,study,ANCHOR
1,47,18,study,PRINCE WILLIAM
1,47,19,study,BOB DOLE
1,47,20,study,FLOWER
1,47,21,study,GARLIC
1,47,22,study,TV
1,47,23,study,TAHITI
1,47,24,study,VERRAZANO NARROWS
1,47,1,recall,VERRAZANO NARROWS
1,47,2,recall,BOB DOLE
1,47,3,recall,ALEX TREBEK
1,47,4,recall,COLIN POWELL
1,47,5,recall,CAMERON DIAZ
1,47,6,recall,PRINCE WILLIAM
1,47,7,recall,TAHITI
1,48,1,study,WHISTLE
1,48,2,study,DRILL
1,48,3,study,BOSTON COMMON
1,48,4,study,HOLLYWOOD
1,48,5,study,OLD FAITHFUL
1,48,6,study,WESTMINSTER ABBEY
1,48,7,study,ELIZABETH TAYLOR
1,48,8,study,CLIVE OWEN
1,48,9,study,TINA TURNER
1,48,10,study,NECKLACE
1,48,11,study,LEMON
1,48,12,study,ACORN
1,48,13,study,COUCH
1,48,14,study,WEDDING DRESS
1,48,15,study,TABLE
1,48,16,study,LUCY LIU
1,48,17,study,ANGELINA JOLIE
1,48,18,study,JACK BLACK
1,48,19,study,CHARLIE SHEEN
1,48,20,study,CHE GUEVARA
1,48,21,study,OAHU BEACH
1,48,22,study,GATEWAY ARCH
1,48,23,study,WHITE HOUSE
1,48,24,study,WRIGLEY BUILDING
1,48,1,recall,WRIGLEY BUILDING
1,48,2,recall,WHITE HOUSE
1,48,3,recall,CLIVE OWEN
1,48,4,recall,ANGELINA JOLIE
1,48,5,recall,LUCY LIU
1,48,6,recall,GATEWAY ARCH
1,48,7,recall,OAHU BEACH
1,48,8,recall,HOLLYWOOD
1,48,9,recall,WESTMINSTER ABBEY
1,48,10,recall,ELIZABETH TAYLOR
1,48,11,recall,OLD FAITHFUL
1,48,12,recall,GARLIC
2,1,1,study,SHEA STADIUM
2,1,2,study,ACROPOLIS
2,1,3,study,EASTER ISLAND
2,1,4,study,COLOSSEUM
2,1,5,study,PHONE
2,1,6,study,DICE
2,1,7,study,ARMCHAIR
2,1,8,study,ACORN
2,1,9,study,SHOWER HEAD
2,1,10,study,BENICIO DEL TORO
2,1,11,study,ALEX TREBEK
2,1,12,study,JACK BLACK
2,1,13,study,JASON BIGGS
2,1,14,study,THERMOMETER
2,1,15,study,BOWLING BALL
2,1,16,study,DOOR
2,1,17,study,TERRELL OWENS
2,1,18,study,DREW BARRYMORE
2,1,19,study,JENNIFER ANISTON
2,1,20,study,RICHARD NIXON
2,1,21,study,OLYMPIA
2,1,22,study,ALCATRAZ
2,1,23,study,WHITE CLIFFS OF DOVER
2,1,24,study,COLONIAL WILLIAMSBURG
2,1,1,recall,COLONIAL
2,1,2,recall,WHITE
2,1,3,recall,RICHARD
2,1,4,recall,BENICIO
2,1,5,recall,JENNIFER
2,1,6,recall,DREW
2,1,7,recall,SHOWER
2,1,8,recall,THERMOMETER
2,1,9,recall,DOOR
2,1,10,recall,ARMCHAIR
2,1,11,recall,ALEX
2,1,12,recall,COLOSSEUM
2,1,13,recall,ANNAPOLIS
2,1,14,recall,ACROPOLIS
2,1,15,recall,SHEA
2,1,16,recall,EASTER
2,1,17,recall,JASON
2,1,18,recall,ACORN
2,2,1,study,MASADA
2,2,2,study,CAPILANO BRIDGE
2,2,3,study,SYDNEY OPERA HOUSE
2,2,4,study,LONDON EYE
2,2,5,study,SERENGETI PLAIN
2,2,6,study,OXFORD
2,2,7,study,SPHINX
2,2,8,study,NAVAL ACADEMY CHAPEL
2,2,9,study,CORCOVADO
2,2,10,study,HOOVER DAM
2,2,11,study,TREVI FOUNTAIN
2,2,12,study,SAN FRANCISCO
2,2,13,study,HOLLYWOOD
2,2,14,study,OLD STATE HOUSE
2,2,15,study,ARC DE TRIOMPHE
2,2,16,study,WINTER PALACE
2,2,17,study,LES INVALIDES
2,2,18,study,MOULIN ROUGE
2,2,19,study,MADISON SQUARE GARDEN
2,2,20,study,GALAPAGOS ISLANDS
2,2,21,study,CENTRAL PARK
2,2,22,study,ANGEL FALLS
2,2,23,study,BARCELONA CATHEDRAL
2,2,24,study,EPCOT CENTER
2,2,1,recall,LES
2,2,2,recall,CORCOVADO
2,2,3,recall,LONDON
2,2,4,recall,SERENGETI
2,2,5,recall,OXFORD
2,2,6,recall,SPHINX
2,2,7,recall,ANGEL
2,2,8,recall,EPCOT
2,2,9,recall,TOWN
2,2,10,recall,SPHINX
2,2,11,recall,MADISON
2,2,12,recall,SYDNEY
2,2,13,recall,GALAPAGOS
2,3,1,study,EASEL
2,3,2,study,SATELLITE DISH
2,3,3,study,COUCH
2,3,4,study,RING
2,3,5,study,JEANS
2,3,6,study,GRILL
2,3,7,study,TENT
2,3,8,study,STAPLE REMOVER
2,3,9,study,BAYONET
2,3,10,study,PIE
2,3,11,study,MAILBOX
2,3,12,study,DOORKNOB
2,3,13,study,GLASS
2,3,14,study,CIGARETTE
2,3,15,study,SOCKET
2,3,16,study,ORANGE
2,3,17,study,GAS MASK
2,3,18,study,FEATHER
2,3,19,study,BOLT
2,3,20,study,PRINTER
2,3,21,study,RAKE
2,3,22,study,GUM
2,3,23,study,TOILET PAPER
2,3,24,study,PROJECTOR
2,3,1,recall,PROJECTOR
2,3,2,recall,GUM
2,3,3,recall,PIE
2,3,4,recall,SOCKET
2,3,5,recall,GAS
2,3,6,recall,EASEL
2,3,7,recall,BAYONET
2,3,8,recall,JEANS
2,3,9,recall,MAILBOX
2,3,10,recall,ORANGE
2,4,1,study,BOWL
2,4,2,study,SWORD
2,4,3,study,MASCARA
2,4,4,study,TWEEZERS
2,4,5,study,STONE
2,4,6,study,BELT
2,4,7,study,PRADO MUSEUM
2,4,8,study,GRAND TETON PARK
2,4,9,study,SMITHSONIAN CASTLE
2,4,10,study,WAILING WALL
2,4,11,study,DANNY DEVITO
2,4,12,study,NORMAN SCHWARZKOPF
2,4,13,study,BRITTANY MURPHY
2,4,14,study,PHILADELPHIA ART MUSEUM
2,4,15,study,ANGKOR WAT
2,4,16,study,NATIONAL AQUARIUM
2,4,17,study,ATOMIUM
2,4,18,study,JIM MORRISON
2,4,19,study,JOHNNY DEPP
2,4,20,study,KATE WINSLET
2,4,21,study,ALICIA KEYS
2,4,22,study,BARRY BONDS
2,4,23,study,MEDAL
2,4,24,study,KEYS
2,4,1,recall,PRADO
2,4,2,recall,GRAND
2,4,3,recall,SMITHSONIAN
2,4,4,recall,ANGKOR
2,4,5,recall,BARRY
2,4,6,recall,KATE
2,4,7,recall,BRITTANY
2,4,8,recall,JOHNNY
2,4,9,recall,ATOMIUM
2,4,10,recall,STONE
2,4,11,recall,BELT
2,4,12,recall,WAILING
2,4,13,recall,ALICIA
2,4,14,recall,TWEEZERS
2,5,1,study,CAMDEN YARDS
2,5,2,study,CHRYSLER BUILDING
2,5,3,study,REMOTE
2,5,4,study,ZIPLOCK BAG
2,5,5,study,TILE
2,5,6,study,WINDOW
2,5,7,study,JOHN F KENNEDY
2,5,8,study,JANE FONDA
2,5,9,study,CAR SEAT
2,5,10,study,SAFE
2,5,11,study,SUSAN SARANDON
2,5,12,study,UMA THURMAN
2,5,13,study,ANTHONY HOPKINS
2,5,14,study,HONG KONG
2,5,15,study,INDEPENDENCE HALL
2,5,16,study,SIERRA NEVADA
2,5,17,study,MARTIN LUTHER KING JR
2,5,18,study,OWEN WILSON
2,5,19,study,DANE COOK
2,5,20,study,WALKMAN
2,5,21,study,KEYCHAIN
2,5,22,study,MGM GRAND
2,5,23,study,EVERGLADES
2,5,24,study,ST PAULS CATHEDRAL
2,5,1,recall,ST
2,5,2,recall,EVERGLADES
2,5,3,recall,SIERRA
2,5,4,recall,DANE
2,5,5,recall,OWEN
2,5,6,recall,KEYCHAIN
2,5,7,recall,ANTHONY
2,5,8,recall,SUSAN
2,5,9,recall,JANE
2,5,10,recall,UMA
2,5,11,recall,WALKMAN
2,5,12,recall,KEYCHAIN
2,5,13,recall,MASCARA
2,5,14,recall,HONG
2,6,1,study,LEGO
2,6,2,study,CURTAIN
2,6,3,study,TRIPOD
2,6,4,study,SAN ANDREAS
2,6,5,study,ROMAN FORUM
2,6,6,study,CAPE CANAVERAL
2,6,7,study,VIENNA
2,6,8,study,PARIS HILTON
2,6,9,study,RUSSELL CROWE
2,6,10,study,PRINCE
2,6,11,study,VIETNAM MEMORIAL
2,6,12,study,PARK AVENUE
2,6,13,study,HUGH GRANT
2,6,14,study,STEVE MARTIN
2,6,15,study,LINDSAY LOHAN
2,6,16,study,WHISTLE
2,6,17,study,HAT
2,6,18,study,INK CARTRIDGE
2,6,19,study,SEAN PENN
2,6,20,study,MATT DAMON
2,6,21,study,FORBIDDEN CITY
2,6,22,study,SEA WORLD
2,6,23,study,SHIRT
2,6,24,study,VASE
2,6,1,recall,SEA
2,6,2,recall,VASE
2,6,3,recall,STEVE
2,6,4,recall,SEAN
2,6,5,recall,MATT
2,6,6,recall,LINDSAY
2,6,7,recall,CAPE
2,6,8,recall,INK
2,6,9,recall,CURTAIN
2,6,10,recall,LEGO
2,6,11,recall,SEA
2,6,12,recall,PRINCE
2,7,1,study,ANNETTE BENING
2,7,2,study,JANET RENO
2,7,3,study,WHITNEY HOUSTON
2,7,4,study,RENEE ZELLWEGER
2,7,5,study,LANCE ARMSTRONG
2,7,6,study,BRUCE WILLIS
2,7,7,study,ANDRE AGASSI
2,7,8,study,ANGELINA JOLIE
2,7,9,study,NICOLE KIDMAN
2,7,10,study,DAVID SPADE
2,7,11,study,BILL COSBY
2,7,12,study,DONALD TRUMP
2,7,13,study,JOHN KERRY
2,7,14,study,PRINCE WILLIAM
2,7,15,study,KEANU REEVES
2,7,16,study,CLIVE OWEN
2,7,17,study,HOWARD STERN
2,7,18,study,AL GORE
2,7,19,study,MERYL STREEP
2,7,20,study,LIAM NEESON
2,7,21,study,DALAI LAMA
2,7,22,study,STING
2,7,23,study,ALEX RODRIGUEZ
2,7,24,study,GEORGE WASHINGTON
2,7,1,recall,GEORGE
2,7,2,recall,ALEX
2,7,3,recall,KEANU
2,7,4,recall,ANNETTE
2,7,5,recall,JOHN
2,7,6,recall,AL
2,7,7,recall,JANET
2,7,8,recall,RENEE
2,7,9,recall,GEORGE
2,7,10,recall,ANGELINA
2,7,11,recall,NICOLE
2,7,12,recall,LIAM
2,7,13,recall,BRUCE
2,7,14,recall,CLIVE
2,7,15,recall,MERYL
2,8,1,study,LADLE
2,8,2,study,STEERING WHEEL
2,8,3,study,KETCHUP
2,8,4,study,YELLOWSTONE
2,8,5,study,BRYCE CANYON
2,8,6,study,IGUAZU FALLS
2,8,7,study,FENWAY PARK
2,8,8,study,HEATHER GRAHAM
2,8,9,study,PRINCE CHARLES
2,8,10,study,USHER
2,8,11,study,PEN
2,8,12,study,CRAYONS
2,8,13,study,VIN DIESEL
2,8,14,study,SHAQUILLE O'NEAL
2,8,15,study,GRAND CENTRAL STATION
2,8,16,study,CHICAGO
2,8,17,study,NEWSPAPER
2,8,18,study,LAPTOP
2,8,19,study,STOCKING
2,8,20,study,CONDOLEEZZA RICE
2,8,21,study,FRANKLIN D ROOSEVELT
2,8,22,study,JOHN TRAVOLTA
2,8,23,study,MOUNT ST HELENS
2,8,24,study,DELPHI
2,8,1,recall,DELPHI
2,8,2,recall,JOHN
2,8,3,recall,CONDOLEEZZA
2,8,4,recall,IGUAZU
2,8,5,recall,BRYCE
2,8,6,recall,FENWAY
2,8,7,recall,KETCHUP
2,8,8,recall,PRINCE
2,8,9,recall,HEATHER
2,8,10,recall,USHER
2,8,11,recall,PEN
2,8,12,recall,CRAYONS
2,8,13,recall,DELPHI
2,8,14,recall,CHICAGO
2,8,15,recall,GRAND
2,9,1,study,FLOWERPOT
2,9,2,study,JACKHAMMER
2,9,3,study,SURGE PROTECTOR
2,9,4,study,JOYSTICK
2,9,5,study,SHAMPOO
2,9,6,study,TV
2,9,7,study,EMERALD
2,9,8,study,MOUSE
2,9,9,study,BELL
2,9,10,study,MOP
2,9,11,study,DOLLAR
2,9,12,study,YARN
2,9,13,study,TOILET SEAT
2,9,14,study,MITTEN
2,9,15,study,LIGHT SWITCH
2,9,16,study,CACTUS
2,9,17,study,LAMP
2,9,18,study,HANGER
2,9,19,study,AXE
2,9,20,study,TABLE
2,9,21,study,INHALER
2,9,22,study,SMART CAR
2,9,23,study,FIREPLACE
2,9,24,study,HURDLE
2,9,1,recall,HURDLE
2,9,2,recall,FIREPLACE
2,9,3,recall,LIGHT SWITCH
2,9,4,recall,SURGE PROTECTOR
2,9,5,recall,SMART CAR
2,9,6,recall,FIREPLACE
2,9,7,recall,HANGER
2,9,8,recall,YARN
2,9,9,recall,VACUUM CLEANER
2,9,10,recall,TV
2,9,11,recall,BASE
2,9,12,recall,JACKHAMMER
2,9,13,recall,INHALER
2,9,14,recall,HURDLE
2,10,1,study,BUNKER HILL
2,10,2,study,DOME OF THE ROCK
2,10,3,study,GREAT ZIMBABWE RUINS
2,10,4,study,LIGHTER
2,10,5,study,PADLOCK
2,10,6,study,PLATE
2,10,7,study,RIBBON
2,10,8,study,BOB SAGET
2,10,9,study,JIMMY CARTER
2,10,10,study,HALLE BERRY
2,10,11,study,ALLEN IVERSON
2,10,12,study,DESK
2,10,13,study,GUITAR
2,10,14,study,TAHITI
2,10,15,study,TAJ MAHAL
2,10,16,study,JAY LENO
2,10,17,study,MEL GIBSON
2,10,18,study,TRITON FOUNTAIN
2,10,19,study,WRIGLEY BUILDING
2,10,20,study,PONT DU GARD
2,10,21,study,BOUQUET
2,10,22,study,NEST
2,10,23,study,SYLVESTER STALLONE
2,10,24,study,JASON ALEXANDER
2,10,1,recall,JASON ALEXANDER
2,10,2,recall,SYLVESTER STALLONE
2,10,3,recall,BUNKER HILL
2,10,4,recall,GREAT ZIMBABWE RUINS
2,10,5,recall,BOUQUET
2,10,6,recall,DESK
2,10,7,recall,BOB SAGET
2,10,8,recall,ALLEN IVERSON
2,10,9,recall,HALLE BERRY
2,10,10,recall,JIMMY CARTER
2,10,11,recall,LIGHTER
2,10,12,recall,PADLOCK
2,10,13,recall,TAHITI
2,10,14,recall,ARC DE TRIOMPHE
2,10,15,recall,MEL GIBSON
2,10,16,recall,JAY LENO
2,10,17,recall,JASON ALEXANDER
2,11,1,study,COLIN FARRELL
2,11,2,study,ROBIN WILLIAMS
2,11,3,study,RODNEY DANGERFIELD
2,11,4,study,KATIE COURIC
2,11,5,study,JENNIFER LOPEZ
2,11,6,study,BENJAMIN FRANKLIN
2,11,7,study,ROSEANNE BARR
2,11,8,study,MARILYN MONROE
2,11,9,study,BRUCE LEE
2,11,10,study,FAITH HILL
2,11,11,study,RICHARD SIMMONS
2,11,12,study,BILL GATES
2,11,13,study,AUDREY HEPBURN
2,11,14,study,JOE DIMAGGIO
2,11,15,study,MICHAEL MOORE
2,11,16,study,NELSON MANDELA
2,11,17,study,CHER
2,11,18,study,SEAN COMBS
2,11,19,study,CAMERON DIAZ
2,11,20,study,STEVEN SPIELBERG
2,11,21,study,BRAD PITT
2,11,22,study,WOLF BLITZER
2,11,23,study,NICOLAS CAGE
2,11,24,study,DOLLY PARTON
2,11,1,recall,DOLLY PARTON
2,11,2,recall,WOLF BLITZER
2,11,3,recall,SEAN COMBS
2,11,4,recall,CHER
2,11,5,recall,FAITH HILL
2,11,6,recall,JOE DIMAGGIO
2,11,7,recall,MARILYN MONROE
2,11,8,recall,ROBIN WILLIAMS
2,11,9,recall,KATIE COURIC
2,11,10,recall,JENNIFER LOPEZ
2,12,1,study,CHRISTOPHER WALKEN
2,12,2,study,JOAN RIVERS
2,12,3,study,PENCIL SHARPENER
2,12,4,study,MICROCHIP
2,12,5,study,WATCH
2,12,6,study,PERFUME
2,12,7,study,SLIPPERS
2,12,8,study,LONDON DUNGEON
2,12,9,study,NEWGRANGE
2,12,10,study,BOURBON STREET
2,12,11,study,BROOKLYN BRIDGE
2,12,12,study,BOX
2,12,13,study,PIANO
2,12,14,study,TOWEL
2,12,15,study,SUPREME COURT
2,12,16,study,AYERS ROCK
2,12,17,study,STATUE OF LIBERTY
2,12,18,study,LINCOLN FINANCIAL FIELD
2,12,19,study,KEVIN SPACEY
2,12,20,study,KEIRA KNIGHTLEY
2,12,21,study,MR. T
2,12,22,study,COURTENEY COX
2,12,23,study,DENZEL WASHINGTON
2,12,24,study,GARTH BROOKS
2,12,1,recall,GARTH BROOKS
2,12,2,recall,KEIRA KNIGHTLEY
2,12,3,recall,COURTENEY COX
2,12,4,recall,MR. T
2,12,5,recall,BROOKLYN BRIDGE
2,12,6,recall,BOURBON STREET
2,12,7,recall,PENCIL SHARPENER
2,12,8,recall,KEVIN SPACEY
2,12,9,recall,CHRISTOPHER WALKEN
2,12,10,recall,JOAN RIVERS
2,12,11,recall,AYERS ROCK
2,12,12,recall,GARTH BROOKS
2,13,1,study,MISSISSIPPI RIVER
2,13,2,study,DEAD SEA
2,13,3,study,INDIANAPOLIS MOTOR SPEEDWAY
2,13,4,study,TIMES SQUARE
2,13,5,study,EMPIRE STATE BUILDING
2,13,6,study,SOHO
2,13,7,study,ST PATRICKS CATHEDRAL
2,13,8,study,GRAND OLE OPRY
2,13,9,study,ROCK OF GIBRALTAR
2,13,10,study,REDWOOD FOREST
2,13,11,study,PENTAGON
2,13,12,study,GLOBE THEATER
2,13,13,study,GETTYSBURG
2,13,14,study,CAPE OF GOOD HOPE
2,13,15,study,NIAGARA FALLS
2,13,16,study,MOUNT RAINIER
2,13,17,study,YANKEE STADIUM
2,13,18,study,DEVIL'S TOWER
2,13,19,study,PICADILLY CIRCUS
2,13,20,study,GOLDEN GATE BRIDGE
2,13,21,study,AGRA FORT
2,13,22,study,ROCK AND ROLL HALL OF FAME
2,13,23,study,CLIFF PALACE
2,13,24,study,CANCUN
2,13,1,recall,CANCUN
2,13,2,recall,AGRA FORT
2,13,3,recall,DEVIL'S TOWER
2,13,4,recall,ST PATRICKS CATHEDRAL
2,13,5,recall,EMPIRE STATE BUILDING
2,13,6,recall,PICADILLY CIRCUS
2,13,7,recall,INDIANAPOLIS MOTOR SPEEDWAY
2,13,8,recall,REDWOOD FOREST
2,13,9,recall,MOUNT RAINIER
2,13,10,recall,MISSISSIPPI RIVER
2,13,11,recall,NIAGARA FALLS
2,13,12,recall,ROCK AND ROLL HALL OF FAME
2,14,1,study,PETRI DISH
2,14,2,study,LEMON
2,14,3,study,BICYCLE
2,14,4,study,HIGHLIGHTER
2,14,5,study,PAPER CLIP
2,14,6,study,CAPITOL HILL
2,14,7,study,GIZA PYRAMIDS
2,14,8,study,SUPERDOME
2,14,9,study,TRAFALGAR SQUARE
2,14,10,study,BABE RUTH
2,14,11,study,CHRIS FARLEY
2,14,12,study,MOUNT FUJI
2,14,13,study,POMPEI
2,14,14,study,PLACE DE LA CONCORDE
2,14,15,study,KREMLIN
2,14,16,study,WILL SMITH
2,14,17,study,BILL MURRAY
2,14,18,study,BRITNEY SPEARS
2,14,19,study,KURT COBAIN
2,14,20,study,CHARLIE SHEEN
2,14,21,study,DAVID DUCHOVNY
2,14,22,study,BOTTLE
2,14,23,study,COLANDER
2,14,24,study,BACKPACK
2,14,1,recall,BACKPACK
2,14,2,recall,DAVID DUCHOVNY
2,14,3,recall,SUPERDOME
2,14,4,recall,PLACE DE LA CONCORDE
2,14,5,recall,CHARLIE SHEEN
2,14,6,recall,BRITNEY SPEARS
2,14,7,recall,HIGHLIGHTER
2,14,8,recall,PAPER CLIP
2,14,9,recall,WILL SMITH
2,14,10,recall,TRAFALGAR SQUARE
2,14,11,recall,CAPITOL HILL
2,14,12,recall,KURT COBAIN
2,14,13,recall,CHRIS FARLEY
2,14,14,recall,BILL MURRAY
2,15,1,study,RICKY MARTIN
2,15,2,study,WINSTON CHURCHILL
2,15,3,study,GWYNETH PALTROW
2,15,4,study,SIMON COWELL
2,15,5,study,MASSACHUSETS STATE HOUSE
2,15,6,study,VERSAILLES
2,15,7,study,MONTEGO BAY
2,15,8,study,SHANGHAI
2,15,9,study,TEAPOT
2,15,10,study,SYRINGE
2,15,11,study,SPRAY PAINT
2,15,12,study,SHELF
2,15,13,study,CUP
2,15,14,study,JENNE MOSQUE
2,15,15,study,NORTH POLE
2,15,16,study,TOWER OF PISA
2,15,17,study,ROYAL ALBERT HALL
2,15,18,study,WATER GUN
2,15,19,study,PEPPER
2,15,20,study,GLOBE
2,15,21,study,MIKE MYERS
2,15,22,study,PIERCE BROSNAN
2,15,23,study,DEBRA MESSING
2,15,24,study,EMINEM
2,15,1,recall,EMINEM
2,15,2,recall,DEBRA MESSING
2,15,3,recall,PIERCE BROSNAN
2,15,4,recall,MONTEGO BAY
2,15,5,recall,MIKE MYERS
2,15,6,recall,WATER GUN
2,16,1,study,CD
2,16,2,study,BANANA
2,16,3,study,ICE
2,16,4,study,MORGAN FREEMAN
2,16,5,study,DEREK JETER
2,16,6,study,ANTONIO BANDERAS
2,16,7,study,SAHARA
2,16,8,study,SORBONNE CHAPEL
2,16,9,study,CRADLE
2,16,10,study,QUARTER
2,16,11,study,CAPE HORN
2,16,12,study,SALT LAKE TEMPLE
2,16,13,study,VENICE
2,16,14,study,LINCOLN CENTER
2,16,15,study,CARROT TOP
2,16,16,study,LEONARDO DICAPRIO
2,16,17,study,BIG BEN
2,16,18,study,GREAT BARRIER REEF
2,16,19,study,BUGLE
2,16,20,study,BED
2,16,21,study,JACKET
2,16,22,study,JIM CARREY
2,16,23,study,ABRAHAM LINCOLN
2,16,24,study,MIKE TYSON
2,16,1,recall,MIKE TYSON
2,16,2,recall,JIM CARREY
2,16,3,recall,MORGAN FREEMAN
2,16,4,recall,CD
2,16,5,recall,BANANA
2,16,6,recall,ICE
2,16,7,recall,ANTONIO BANDERAS
2,16,8,recall,BUGLE
2,16,9,recall,BED
2,16,10,recall,CRIB
2,16,11,recall,SAHARA
2,16,12,recall,SORBONNE CHAPEL
2,16,13,recall,VENICE
2,16,14,recall,SALT LAKE TEMPLE
2,16,15,recall,ABRAHAM LINCOLN
2,16,16,recall,BIG BEN
2,16,17,recall,JACKET
2,16,18,recall,MIKE TYSON
2,17,1,study,LONDON DUNGEON
2,17,2,study,MALL OF AMERICA
2,17,3,study,FLOWERPOT
2,17,4,study,TOASTER
2,17,5,study,KIRSTEN DUNST
2,17,6,study,JOAQUIN PHOENIX
2,17,7,study,BROOKLYN BRIDGE
2,17,8,study,WINTER PALACE
2,17,9,study,FLORENCE
2,17,10,study,DOLLAR
2,17,11,study,SHOVEL
2,17,12,study,BEN KINGSLEY
2,17,13,study,WOLF BLITZER
2,17,14,study,TOOTHPASTE
2,17,15,study,YARN
2,17,16,study,DICE
2,17,17,study,HAMMER
2,17,18,study,STATUE OF LIBERTY
2,17,19,study,WHITE CLIFFS OF DOVER
2,17,20,study,WALK OF FAME
2,17,21,study,JASON ALEXANDER
2,17,22,study,DALAI LAMA
2,17,23,study,BOB SAGET
2,17,24,study,MADONNA
2,17,1,recall,MADONNA
2,17,2,recall,BOB SAGET
2,17,3,recall,WHITE CLIFFS OF DOVER
2,17,4,recall,BROOKLYN BRIDGE
2,17,5,recall,DOLLAR
2,17,6,recall,HAMMER
2,17,7,recall,SHOVEL
2,17,8,recall,VASE
2,17,9,recall,WHITE
2,17,10,recall,MALL OF AMERICA
2,17,11,recall,BEN KINGSLEY
2,17,12,recall,KIRSTEN DUNST
2,17,13,recall,JOAQUIN PHOENIX
2,17,14,recall,BROOKLYN BRIDGE
2,17,15,recall,WINTER PALACE
2,17,16,recall,FLORENCE
2,17,17,recall,JASON ALEXANDER
2,17,18,recall,DALAI LAMA
2,17,19,recall,MADONNA
2,17,20,recall,YARN
2,17,21,recall,STATUE OF LIBERTY
2,17,22,recall,KIRSTEN DUNST
2,18,1,study,BUTTON
2,18,2,study,BICYCLE
2,18,3,study,MIKE MYERS
2,18,4,study,TOM HANKS
2,18,5,study,ANGKOR WAT
2,18,6,study,CINDERELLA CASTLE
2,18,7,study,VIN DIESEL
2,18,8,study,CATHERINE ZETA JONES
2,18,9,study,GENE HACKMAN
2,18,10,study,BOUQUET
2,18,11,study,PLATE
2,18,12,study,MICROCHIP
2,18,13,study,BUCKET
2,18,14,study,AGRA FORT
2,18,15,study,MISSISSIPPI RIVER
2,18,16,study,GUGGENHEIM
2,18,17,study,CHARLIE SHEEN
2,18,18,study,JACK BLACK
2,18,19,study,GEORGE WASHINGTON
2,18,20,study,ROYAL ALBERT HALL
2,18,21,study,GRAND CENTRAL STATION
2,18,22,study,GALAPAGOS ISLANDS
2,18,23,study,SOCKET
2,18,24,study,NECKLACE
2,18,1,recall,BUCKET
2,18,2,recall,BUTTON
2,18,3,recall,BICYCLE
2,18,4,recall,MIKE MYERS
2,18,5,recall,CHARLIE SHEEN
2,18,6,recall,JACK BLACK
2,18,7,recall,GALAPAGOS ISLANDS
2,18,8,recall,ROYAL ALBERT HALL
2,18,9,recall,CINDERELLA CASTLE
2,18,10,recall,ANGKOR WAT
2,18,11,recall,ANGKOR TEMPLE
2,18,12,recall,MISSISSIPPI RIVER
2,18,13,recall,GEORGE WASHINGTON
2,18,14,recall,NECKLACE
2,18,15,recall,GRAND CENTRAL STATION
2,18,16,recall,CHARLIE SHEEN
2,18,17,recall,JACK BLACK
2,18,18,recall,GEORGE WASHINGTON
2,19,1,study,CARY GRANT
2,19,2,study,ALEC BALDWIN
2,19,3,study,MEL GIBSON
2,19,4,study,JENNIFER LOPEZ
2,19,5,study,JACKIE KENNEDY
2,19,6,study,JODIE FOSTER
2,19,7,study,AL SHARPTON
2,19,8,study,RODNEY DANGERFIELD
2,19,9,study,JACKIE CHAN
2,19,10,study,GARTH BROOKS
2,19,11,study,MATTHEW PERRY
2,19,12,study,KURT COBAIN
2,19,13,study,NICOLAS CAGE
2,19,14,study,BOB DYLAN
2,19,15,study,BEN STILLER
2,19,16,study,QUEEN ELIZABETH
2,19,17,study,CONDOLEEZZA RICE
2,19,18,study,LIAM NEESON
2,19,19,study,CHRIS FARLEY
2,19,20,study,BARBARA WALTERS
2,19,21,study,ELVIS PRESLEY
2,19,22,study,CHARLIZE THERON
2,19,23,study,STEPHEN COLBERT
2,19,24,study,DAN RATHER
2,19,1,recall,DAN RATHER
2,19,2,recall,CARY GRANT
2,19,3,recall,GARTH BROOKS
2,19,4,recall,AL SHARPTON
2,19,5,recall,CHARLIZE THERON
2,19,6,recall,MEL GIBSON
2,19,7,recall,CHRIS FARLEY
2,19,8,recall,QUEEN ELIZABETH
2,19,9,recall,JENNIFER LOPEZ
2,19,10,recall,JACKIE KENNEDY
2,19,11,recall,NICOLAS CAGE
2,19,12,recall,MATTHEW PERRY
2,19,13,recall,KURT COBAIN
2,19,14,recall,STEPHEN COLBERT
2,20,1,study,GWYNETH PALTROW
2,20,2,study,LISA KUDROW
2,20,3,study,TREVI FOUNTAIN
2,20,4,study,HOLLYWOOD
2,20,5,study,HIGHLIGHTER
2,20,6,study,JACKET
2,20,7,study,QUINCY MARKET
2,20,8,study,ATOMIUM
2,20,9,study,PURSE
2,20,10,study,GOLF CLUB
2,20,11,study,MARTIN LUTHER KING JR
2,20,12,study,ABRAHAM LINCOLN
2,20,13,study,FOAM CUP
2,20,14,study,BOTTLE
2,20,15,study,BANANA
2,20,16,study,DESK
2,20,17,study,SARAH JESSICA PARKER
2,20,18,study,JERRY SEINFELD
2,20,19,study,ELIZABETH TAYLOR
2,20,20,study,KATE WINSLET
2,20,21,study,LIBERTY PLACE
2,20,22,study,CLIFF PALACE
2,20,23,study,WASHINGTON SQUARE ARCH
2,20,24,study,COVENT GARDEN
2,20,1,recall,COVENT GARDEN
2,20,2,recall,QUINCY MARKET
2,20,3,recall,TREVI FOUNTAIN
2,20,4,recall,GWYNETH PALTROW
2,20,5,recall,ELIZABETH TAYLOR
2,20,6,recall,JERRY SEINFELD
2,20,7,recall,LISA KUDROW
2,20,8,recall,SARAH JESSICA PARKER
2,20,9,recall,KATE WINSLET
2,20,10,recall,GEORGE WASHINGTON
2,20,11,recall,ABRAHAM LINCOLN
2,20,12,recall,MARTIN LUTHER KING JR
2,20,13,recall,HIGHLIGHTER
2,20,14,recall,HOLLYWOOD
2,20,15,recall,PURSE
2,20,16,recall,GOLF CLUB
2,20,17,recall,JACKET
2,21,1,study,PETRONAS TOWERS
2,21,2,study,VERSAILLES
2,21,3,study,EVERGLADES
2,21,4,study,THE VENETIAN
2,21,5,study,MORGAN FREEMAN
2,21,6,study,FRANKLIN D ROOSEVELT
2,21,7,study,SATELLITE DISH
2,21,8,study,SCALE
2,21,9,study,JEANS
2,21,10,study,BARBED WIRE
2,21,11,study,ALEX TREBEK
2,21,12,study,REGIS PHILBIN
2,21,13,study,COURTENEY COX
2,21,14,study,HOWARD STERN
2,21,15,study,TOM CRUISE
2,21,16,study,JOAN RIVERS
2,21,17,study,PACIFIC BELL PARK
2,21,18,study,TIMES SQUARE
2,21,19,study,GIANT'S CAUSEWAY
2,21,20,study,GREAT SALT LAKE
2,21,21,study,MASK
2,21,22,study,MAGNET
2,21,23,study,TV
2,21,24,study,VIOLIN
2,21,1,recall,VIOLIN
2,21,2,recall,MAGNET
2,21,3,recall,TV
2,21,4,recall,PETRONAS TOWERS
2,21,5,recall,EVERGLADES
2,21,6,recall,VERSAILLES
2,21,7,recall,MORGAN FREEMAN
2,21,8,recall,COURTENEY COX
2,21,9,recall,HOWARD STERN
2,21,10,recall,JOAN RIVERS
2,21,11,recall,ALEX TREBEK
2,21,12,recall,REGIS PHILBIN
2,21,13,recall,BARBED WIRE
2,21,14,recall,SATELLITE DISH
2,21,15,recall,GREAT SALT LAKE
2,21,16,recall,GIANT'S CAUSEWAY
2,22,1,study,JEFFERSON MEMORIAL
2,22,2,study,SPACE NEEDLE
2,22,3,study,DEAD SEA
2,22,4,study,GRAND CANYON
2,22,5,study,ALAMO
2,22,6,study,LINCOLN MEMORIAL
2,22,7,study,DEVIL'S TOWER
2,22,8,study,SYDNEY OPERA HOUSE
2,22,9,study,MOUNT BLANC
2,22,10,study,GREAT WALL OF CHINA
2,22,11,study,GETTYSBURG
2,22,12,study,PRADO MUSEUM
2,22,13,study,HUNGARIAN PARLIAMENT
2,22,14,study,IGUAZU FALLS
2,22,15,study,NORTH POLE
2,22,16,study,BIG BEN
2,22,17,study,GRAND TETON PARK
2,22,18,study,EPCOT CENTER
2,22,19,study,RIO DE JANEIRO
2,22,20,study,CARLSBAD CAVERNS
2,22,21,study,TRAFALGAR SQUARE
2,22,22,study,WRIGLEY BUILDING
2,22,23,study,CHARTRES CATHEDRAL
2,22,24,study,VIA APPIA
2,22,1,recall,VIA APPIA
2,22,2,recall,CARLSBAD CAVERNS
2,22,3,recall,TRAFALGAR SQUARE
2,22,4,recall,WRIGLEY BUILDING
2,22,5,recall,JEFFERSON MEMORIAL
2,22,6,recall,LINCOLN MEMORIAL
2,22,7,recall,IGUAZU FALLS
2,22,8,recall,DEVIL'S TOWER
2,22,9,recall,SYDNEY OPERA HOUSE
2,22,10,recall,GRAND CANYON
2,22,11,recall,MOUNT BLANC
2,22,12,recall,RIO DE JANEIRO
2,22,13,recall,SPACE NEEDLE
2,22,14,recall,EPCOT CENTER
2,22,15,recall,DEAD SEA
2,22,16,recall,HUNGARIAN PARLIAMENT
2,23,1,study,UMBRELLA
2,23,2,study,TOWEL
2,23,3,study,SKATEBOARD
2,23,4,study,CANDLE
2,23,5,study,MASCARA
2,23,6,study,BLOWDRYER
2,23,7,study,GLUE STICK
2,23,8,study,SHAMPOO
2,23,9,study,PEDAL
2,23,10,study,FAUCET
2,23,11,study,TIRE
2,23,12,study,SPEAKER
2,23,13,study,THERMOMETER
2,23,14,study,RECORD
2,23,15,study,WHIP
2,23,16,study,STOVE
2,23,17,study,SLIPPERS
2,23,18,study,MOUSETRAP
2,23,19,study,FIRE EXTINGUISHER
2,23,20,study,PERFUME
2,23,21,study,GLOBE
2,23,22,study,PROJECTOR
2,23,23,study,MAILBOX
2,23,24,study,DRILL
2,23,1,recall,DRILL
2,23,2,recall,MAILBOX
2,23,3,recall,UMBRELLA
2,23,4,recall,TOWEL
2,23,5,recall,SKATEBOARD
2,23,6,recall,PEDAL
2,23,7,recall,CANDLE
2,23,8,recall,BLOWDRYER
2,23,9,recall,MASCARA
2,23,10,recall,GLOBE
2,23,11,recall,DESK
2,23,12,recall,FAUCET
2,23,13,recall,TIRE
2,23,14,recall,PERFUME
2,23,15,recall,FIRE EXTINGUISHER
2,24,1,study,GATEWAY ARCH
2,24,2,study,CAPE CANAVERAL
2,24,3,study,BLENDER
2,24,4,study,SPRAY PAINT
2,24,5,study,PILL
2,24,6,study,ADAM SANDLER
2,24,7,study,LANCE ARMSTRONG
2,24,8,study,PRINCE
2,24,9,study,HELMET
2,24,10,study,THERMOS
2,24,11,study,LANTERN
2,24,12,study,MADISON SQUARE GARDEN
2,24,13,study,VERRAZANO NARROWS
2,24,14,study,LES INVALIDES
2,24,15,study,MOUNT RAINIER
2,24,16,study,STEVE MARTIN
2,24,17,study,DAVID BECKHAM
2,24,18,study,RAY CHARLES
2,24,19,study,YOSEMITE
2,24,20,study,WHITE HOUSE
2,24,21,study,TONY BLAIR
2,24,22,study,MICHAEL DOUGLAS
2,24,23,study,STAPLE REMOVER
2,24,24,study,GUITAR
2,24,1,recall,STAPLE REMOVER
2,24,2,recall,GUITAR
2,24,3,recall,TONY BLAIR
2,24,4,recall,MICHAEL DOUGLAS
2,24,5,recall,VERRAZANO NARROWS
2,24,6,recall,YOSEMITE
2,24,7,recall,RAY CHARLES
2,24,8,recall,ADAM SANDLER
2,24,9,recall,GUITAR
2,24,10,recall,LES INVALIDES
2,24,11,recall,CAPE CANAVERAL
2,24,12,recall,LANTERN
2,24,13,recall,THERMOS
2,25,1,study,SHANGHAI
2,25,2,study,KREMLIN
2,25,3,study,INDIANAPOLIS MOTOR SPEEDWAY
2,25,4,study,ROMAN FORUM
2,25,5,study,MAMMOTH CAVE
2,25,6,study,SKYDOME
2,25,7,study,COLOSSEUM
2,25,8,study,UNITED NATIONS BUILDING
2,25,9,study,MONTE CARLO
2,25,10,study,QUEBEC
2,25,11,study,BOSTON COMMON
2,25,12,study,ATLANTIC CITY
2,25,13,study,CAPE HORN
2,25,14,study,HONG KONG
2,25,15,study,SUEZ CANAL
2,25,16,study,PENTAGON
2,25,17,study,CAPILANO BRIDGE
2,25,18,study,SALT FLATS
2,25,19,study,TOWER OF PISA
2,25,20,study,GIZA PYRAMIDS
2,25,21,study,VIENNA
2,25,22,study,CARNEGIE HALL
2,25,23,study,BARCELONA CATHEDRAL
2,25,24,study,TRITON FOUNTAIN
2,25,1,recall,BARCELONA CATHEDRAL
2,25,2,recall,TRITON FOUNTAIN
2,25,3,recall,SHANGHAI
2,25,4,recall,KREMLIN
2,25,5,recall,INDIANAPOLIS MOTOR SPEEDWAY
2,25,6,recall,MAMMOTH CAVE
2,25,7,recall,MAMMOTH CAVE
2,25,8,recall,SKYDOME
2,25,9,recall,BOSTON COMMON
2,25,10,recall,BARCELONA CATHEDRAL
2,25,11,recall,SUEZ CANAL
2,25,12,recall,SALT FLATS
2,25,13,recall,QUEBEC
2,25,14,recall,CARNEGIE HALL
2,25,15,recall,VENICE
2,25,16,recall,HONG KONG
2,26,1,study,JIM MORRISON
2,26,2,study,ANDRE AGASSI
2,26,3,study,COLIN POWELL
2,26,4,study,CHRISTOPHER WALKEN
2,26,5,study,ZIPLOCK BAG
2,26,6,study,SHOE
2,26,7,study,GLASSES
2,26,8,study,BOWLING BALL
2,26,9,study,HURDLE
2,26,10,study,FEATHER
2,26,11,study,SMITHSONIAN CASTLE
2,26,12,study,LINCOLN CENTER
2,26,13,study,BUNKER HILL
2,26,14,study,YANKEE STADIUM
2,26,15,study,RAKE
2,26,16,study,SAUCEPAN
2,26,17,study,VENICE
2,26,18,study,NOTRE DAME
2,26,19,study,PHILADELPHIA ART MUSEUM
2,26,20,study,VIETNAM MEMORIAL
2,26,21,study,EMINEM
2,26,22,study,HUGH GRANT
2,26,23,study,BOB DOLE
2,26,24,study,GLENN CLOSE
2,26,1,recall,GLENN CLOSE
2,26,2,recall,BOB DOLE
2,26,3,recall,MERYL STREEP
2,26,4,recall,SHOE
2,26,5,recall,ANDRE AGASSI
2,26,6,recall,JIM MORRISON
2,26,7,recall,YANKEE STADIUM
2,26,8,recall,CHRISTOPHER WALKEN
2,26,9,recall,BUNKER HILL
2,26,10,recall,ZIPLOCK BAG
2,27,1,study,JIMMY CARTER
2,27,2,study,JIM BELUSHI
2,27,3,study,CINDY CRAWFORD
2,27,4,study,SYLVESTER STALLONE
2,27,5,study,DEREK JETER
2,27,6,study,AUDREY TATOU
2,27,7,study,WILL SMITH
2,27,8,study,JANET RENO
2,27,9,study,LUCY LIU
2,27,10,study,BENJAMIN FRANKLIN
2,27,11,study,ROBERT REDFORD
2,27,12,study,BILL CLINTON
2,27,13,study,FAITH HILL
2,27,14,study,RENEE ZELLWEGER
2,27,15,study,JON VOIGHT
2,27,16,study,JESSICA SIMPSON
2,27,17,study,WHITNEY HOUSTON
2,27,18,study,STING
2,27,19,study,SIMON COWELL
2,27,20,study,DAVE MATTHEWS
2,27,21,study,QUEEN LATIFAH
2,27,22,study,MATT DAMON
2,27,23,study,ANDRE3000
2,27,24,study,HELEN HUNT
2,27,1,recall,HELEN HUNT
2,27,2,recall,ANDRE3000
2,27,3,recall,DAVE MATTHEWS
2,27,4,recall,WILL SMITH
2,27,5,recall,FAITH HILL
2,27,6,recall,JESSICA SIMPSON
2,27,7,recall,MATT DAMON
2,27,8,recall,BILL CLINTON
2,27,9,recall,JANET RENO
2,27,10,recall,JIMMY CARTER
2,27,11,recall,BENJAMIN FRANKLIN
2,27,12,recall,LUCY LIU
2,27,13,recall,QUEEN LATIFAH
2,27,14,recall,HELEN HUNT
2,28,1,study,LEGO
2,28,2,study,SINK
2,28,3,study,PARIS OPERA
2,28,4,study,EIFFEL TOWER
2,28,5,study,ARNOLD SCHWARZENEGGER
2,28,6,study,MEG RYAN
2,28,7,study,PADLOCK
2,28,8,study,TRIPOD
2,28,9,study,STEERING WHEEL
2,28,10,study,CANCUN
2,28,11,study,VATICAN CITY
2,28,12,study,MAYAN PYRAMID
2,28,13,study,WINSTON CHURCHILL
2,28,14,study,DANE COOK
2,28,15,study,KEIRA KNIGHTLEY
2,28,16,study,ROBERTO BENIGNI
2,28,17,study,SAHARA
2,28,18,study,OLD STATE HOUSE
2,28,19,study,SORBONNE CHAPEL
2,28,20,study,SHOWER HEAD
2,28,21,study,LENS
2,28,22,study,BOX
2,28,23,study,TOBEY MAGUIRE
2,28,24,study,VINCE VAUGHN
2,28,1,recall,MEG RYAN
2,28,2,recall,LEGO
2,28,3,recall,SINK
2,28,4,recall,PARIS OPERA
2,28,5,recall,ARNOLD SCHWARZENEGGER
2,28,6,recall,VINCE VAUGHN
2,28,7,recall,MAGNIFYING GLASS
2,28,8,recall,OLD STATE HOUSE
2,28,9,recall,CANCUN
2,28,10,recall,PARIS OPERA
2,28,11,recall,TOBEY MAGUIRE
2,28,12,recall,KEIRA KNIGHTLEY
2,28,13,recall,BOX
2,28,14,recall,SHOWER HEAD
2,29,1,study,CIGARETTE
2,29,2,study,FIREPLACE
2,29,3,study,LIPSTICK
2,29,4,study,MASSACHUSETS STATE HOUSE
2,29,5,study,MOUNT VESUVIUS
2,29,6,study,ARABIAN TOWER
2,29,7,study,SOHO
2,29,8,study,DAVID SPADE
2,29,9,study,MIKE TYSON
2,29,10,study,JOE DIMAGGIO
2,29,11,study,PIERCE BROSNAN
2,29,12,study,OAHU BEACH
2,29,13,study,LUXOR HOTEL
2,29,14,study,GLACIER NATIONAL PARK
2,29,15,study,PONT DU GARD
2,29,16,study,BENICIO DEL TORO
2,29,17,study,JACQUES CHIRAC
2,29,18,study,SCARLETT JOHANSSON
2,29,19,study,JOHN MCCAIN
2,29,20,study,CAR SEAT
2,29,21,study,RIBBON
2,29,22,study,ROPE
2,29,23,study,PENDULUM
2,29,24,study,VASE
2,29,1,recall,PENDULUM
2,29,2,recall,VASE
2,29,3,recall,JOHN MCCAIN
2,29,4,recall,CIGARETTE
2,29,5,recall,FIRE
2,29,6,recall,LIPSTICK
2,29,7,recall,MOUNT VESUVIUS
2,29,8,recall,SCARLETT JOHANSSON
2,29,9,recall,ARABIAN TOWER
2,29,10,recall,DAVID SPADE
2,29,11,recall,MIKE TYSON
2,29,12,recall,OAHU BEACH
2,29,13,recall,JACQUES CHIRAC
2,29,14,recall,WINSTON CHURCHILL
2,29,15,recall,MASSACHUSETS STATE HOUSE
2,29,16,recall,PONT DU GARD
2,30,1,study,GEORGE W BUSH
2,30,2,study,BONO
2,30,3,study,JIMI HENDRIX
2,30,4,study,ALEX RODRIGUEZ
2,30,5,study,ROBERT DENIRO
2,30,6,study,ROLLER SKATES
2,30,7,study,NEWSPAPER
2,30,8,study,LEMON
2,30,9,study,MODEM
2,30,10,study,WINDOW
2,30,11,study,OXFORD
2,30,12,study,GREAT BARRIER REEF
2,30,13,study,NATIONAL AQUARIUM
2,30,14,study,MOUNT FUJI
2,30,15,study,NAVAL ACADEMY CHAPEL
2,30,16,study,CONAN O'BRIEN
2,30,17,study,RICHARD SIMMONS
2,30,18,study,ANTONIO BANDERAS
2,30,19,study,BACKPACK
2,30,20,study,ICE
2,30,21,study,TROPHY
2,30,22,study,MONTICELLO
2,30,23,study,EASTER ISLAND
2,30,24,study,TOKYO
2,30,1,recall,TOKYO
2,30,2,recall,EASTER ISLAND
2,30,3,recall,GEORGE W BUSH
2,30,4,recall,BONO
2,30,5,recall,JIMI HENDRIX
2,30,6,recall,MOUNT FUJI
2,30,7,recall,ANTONIO BANDERAS
2,30,8,recall,CONAN O'BRIEN
2,30,9,recall,RICHARD SIMMONS
2,30,10,recall,ROLLER SKATES
2,30,11,recall,MODEM
2,30,12,recall,LEMON
2,30,13,recall,TOKYO
2,31,1,study,GLASS
2,31,2,study,CORD
2,31,3,study,BARCODE SCANNER
2,31,4,study,FRIDGE
2,31,5,study,COLANDER
2,31,6,study,WREATH
2,31,7,study,GAS MASK
2,31,8,study,HANDLE
2,31,9,study,RACKET
2,31,10,study,MIRROR
2,31,11,study,CAMERA
2,31,12,study,SADDLE
2,31,13,study,VEST
2,31,14,study,GLOVES
2,31,15,study,TENT
2,31,16,study,LIGHTBULB
2,31,17,study,RING
2,31,18,study,PILLOW
2,31,19,study,KEYS
2,31,20,study,INK CARTRIDGE
2,31,21,study,CROWN
2,31,22,study,CD
2,31,23,study,CHAIN
2,31,24,study,ORANGE
2,31,1,recall,ORANGE
2,31,2,recall,CHAIN
2,31,3,recall,CROWN
2,31,4,recall,CD
2,31,5,recall,KEYS
2,31,6,recall,CORD
2,31,7,recall,BARCODE SCANNER
2,31,8,recall,COLANDER
2,31,9,recall,SADDLE
2,31,10,recall,ORANGE
2,31,11,recall,MIRROR
2,31,12,recall,PILLOW
2,31,13,recall,INK CARTRIDGE
2,31,14,recall,GLOVES
2,31,15,recall,WREATH
2,31,16,recall,LEMON
2,32,1,study,KYOTO
2,32,2,study,SIENA
2,32,3,study,ST MARKS BASILICA
2,32,4,study,GREAT ZIMBABWE RUINS
2,32,5,study,AMAZON RIVER
2,32,6,study,UMA THURMAN
2,32,7,study,TOM BROKAW
2,32,8,study,BED
2,32,9,study,PRINTER
2,32,10,study,TANKTOP
2,32,11,study,PENCIL SHARPENER
2,32,12,study,ROCK AND ROLL HALL OF FAME
2,32,13,study,SMOKY MOUNTAINS
2,32,14,study,PETRA
2,32,15,study,WALLET
2,32,16,study,GARLIC
2,32,17,study,AXE
2,32,18,study,TILE
2,32,19,study,DANNY DEVITO
2,32,20,study,MICHAEL JACKSON
2,32,21,study,HARRISON FORD
2,32,22,study,RICKY MARTIN
2,32,23,study,JACK NICHOLSON
2,32,24,study,BILL COSBY
2,32,1,recall,BILL COSBY
2,32,2,recall,JACK NICHOLSON
2,32,3,recall,KYOTO
2,32,4,recall,SIENA
2,32,5,recall,ST MARKS BASILICA
2,32,6,recall,GREAT ZIMBABWE RUINS
2,32,7,recall,AMAZON RIVER
2,32,8,recall,UMA THURMAN
2,32,9,recall,WALLET
2,32,10,recall,TOM BROKAW
2,33,1,study,MOULIN ROUGE
2,33,2,study,WAILING WALL
2,33,3,study,INDEPENDENCE HALL
2,33,4,study,NEWGRANGE
2,33,5,study,ROCKEFELLER CENTER
2,33,6,study,DEAD SEA
2,33,7,study,TIMBUKTU
2,33,8,study,SALT FLATS
2,33,9,study,EIFFEL TOWER
2,33,10,study,TREVI FOUNTAIN
2,33,11,study,PACIFIC BELL PARK
2,33,12,study,SMITHSONIAN CASTLE
2,33,13,study,AMAZON RIVER
2,33,14,study,BOSTON COMMON
2,33,15,study,NIAGARA FALLS
2,33,16,study,GIANT'S CAUSEWAY
2,33,17,study,POMPEI
2,33,18,study,BRANDENBURG GATE
2,33,19,study,MACHU PICHU
2,33,20,study,VENICE
2,33,21,study,BARCELONA CATHEDRAL
2,33,22,study,WIMBLEDON
2,33,23,study,HOOVER DAM
2,33,24,study,YELLOWSTONE
2,33,1,recall,YELLOWSTONE
2,33,2,recall,HOOVER DAM
2,33,3,recall,EIFFEL TOWER
2,33,4,recall,TIMBUKTU
2,33,5,recall,MACHU PICHU
2,33,6,recall,TREVI FOUNTAIN
2,33,7,recall,WIMBLEDON
2,33,8,recall,PACIFIC BELL PARK
2,33,9,recall,MOULIN ROUGE
2,33,10,recall,VENICE
2,33,11,recall,YELLOWSTONE
2,33,12,recall,AMAZON RIVER
2,33,13,recall,SALT FLATS
2,33,14,recall,BARCELONA CATHEDRAL
2,33,15,recall,BOSTON COMMON
2,33,16,recall,INDEPENDENCE HALL
2,34,1,study,JUSTIN TIMBERLAKE
2,34,2,study,JOHN TRAVOLTA
2,34,3,study,PRINCESS DIANA
2,34,4,study,RONALD REAGAN
2,34,5,study,MARILYN MONROE
2,34,6,study,ANGELINA JOLIE
2,34,7,study,HILARY DUFF
2,34,8,study,CHE GUEVARA
2,34,9,study,SUSAN SARANDON
2,34,10,study,COURTNEY LOVE
2,34,11,study,REESE WITHERSPOON
2,34,12,study,TERRELL OWENS
2,34,13,study,JACK BLACK
2,34,14,study,OPRAH WINFREY
2,34,15,study,BONO
2,34,16,study,STING
2,34,17,study,ROBERT DENIRO
2,34,18,study,LUCY LIU
2,34,19,study,COLIN FARRELL
2,34,20,study,HUGH GRANT
2,34,21,study,ANTHONY HOPKINS
2,34,22,study,ALBERT EINSTEIN
2,34,23,study,RICHARD SIMMONS
2,34,24,study,EMINEM
2,34,1,recall,EMINEM
2,34,2,recall,RICHARD SIMMONS
2,34,3,recall,ALBERT EINSTEIN
2,34,4,recall,JUSTIN TIMBERLAKE
2,34,5,recall,PRINCESS DIANA
2,34,6,recall,JOHN TRAVOLTA
2,34,7,recall,HUGH GRANT
2,34,8,recall,REESE WITHERSPOON
2,34,9,recall,ROBERT DENIRO
2,34,10,recall,ANTHONY HOPKINS
2,34,11,recall,RONALD REAGAN
2,34,12,recall,MARILYN MONROE
2,34,13,recall,CHE GUEVARA
2,34,14,recall,ANGELINA JOLIE
2,34,15,recall,MARILYN MONROE
2,34,16,recall,LUCY LIU
2,34,17,recall,STING
2,34,18,recall,OPRAH WINFREY
2,34,19,recall,BONO
2,35,1,study,ELVIS PRESLEY
2,35,2,study,BARRY BONDS
2,35,3,study,MAHATMA GANDHI
2,35,4,study,HIGHLIGHTER
2,35,5,study,APRON
2,35,6,study,MAILBOX
2,35,7,study,WHEEL
2,35,8,study,TIMES SQUARE
2,35,9,study,HAYDEN PLANETARIUM
2,35,10,study,STATUE OF LIBERTY
2,35,11,study,THERMOS
2,35,12,study,PLATE
2,35,13,study,SCISSORS
2,35,14,study,ZIPLOCK BAG
2,35,15,study,MOUNT KILIMANJARO
2,35,16,study,VERSAILLES
2,35,17,study,NORTH POLE
2,35,18,study,BRYCE CANYON
2,35,19,study,WHITE HOUSE
2,35,20,study,KURT COBAIN
2,35,21,study,ALICIA KEYS
2,35,22,study,KATIE HOLMES
2,35,23,study,DWIGHT EISENHOWER
2,35,24,study,TOBEY MAGUIRE
2,35,1,recall,TOBEY MAGUIRE
2,35,2,recall,KATIE HOLMES
2,35,3,recall,WHITE HOUSE
2,35,4,recall,ELVIS PRESLEY
2,35,5,recall,BARRY BONDS
2,35,6,recall,MAHATMA GANDHI
2,35,7,recall,DWIGHT EISENHOWER
2,35,8,recall,APRON
2,35,9,recall,THERMOS
2,35,10,recall,PLATE
2,35,11,recall,HIGHLIGHTER
2,35,12,recall,HAYDEN PLANETARIUM
2,35,13,recall,STATUE OF LIBERTY
2,35,14,recall,ALICIA KEYS
2,35,15,recall,KURT COBAIN
2,35,16,recall,SCISSORS
2,35,17,recall,MAILBOX
2,36,1,study,MOUSE
2,36,2,study,CD
2,36,3,study,NEWSPAPER
2,36,4,study,ACORN
2,36,5,study,BOWL
2,36,6,study,WINDOW
2,36,7,study,WEDDING DRESS
2,36,8,study,TOASTER
2,36,9,study,DOOR
2,36,10,study,BOX
2,36,11,study,UKELELE
2,36,12,study,SMART CAR
2,36,13,study,RIBBON
2,36,14,study,CROWN
2,36,15,study,PRINTER
2,36,16,study,SHOE
2,36,17,study,GAS MASK
2,36,18,study,PILL
2,36,19,study,ICE
2,36,20,study,SAFE
2,36,21,study,RACKET
2,36,22,study,SCALE
2,36,23,study,ARMCHAIR
2,36,24,study,BICYCLE
2,36,1,recall,BICYCLE
2,36,2,recall,PILL
2,36,3,recall,WEDDING DRESS
2,36,4,recall,BOX
2,36,5,recall,SAFE
2,36,6,recall,UKELELE
2,36,7,recall,SCALE
2,36,8,recall,BOWL
2,36,9,recall,DOOR
2,36,10,recall,WINDOW
2,36,11,recall,TOASTER
2,36,12,recall,MOUSE
2,36,13,recall,PLATE
2,36,14,recall,ACORN
2,36,15,recall,CD
2,36,16,recall,ARMCHAIR
2,37,1,study,LIGHTER
2,37,2,study,MAYONNAISE
2,37,3,study,SYRINGE
2,37,4,study,CANOE
2,37,5,study,JENNE MOSQUE
2,37,6,study,EVERGLADES
2,37,7,study,LIBRARY OF CONGRESS
2,37,8,study,MASADA
2,37,9,study,DAN RATHER
2,37,10,study,KIRSTEN DUNST
2,37,11,study,HULK HOGAN
2,37,12,study,JON VOIGHT
2,37,13,study,MONTE CARLO
2,37,14,study,VICTORIA FALLS
2,37,15,study,WRIGLEY BUILDING
2,37,16,study,TRITON FOUNTAIN
2,37,17,study,JACKET
2,37,18,study,JEANS
2,37,19,study,HAMMER
2,37,20,study,SADDLE
2,37,21,study,LANCE ARMSTRONG
2,37,22,study,MEG RYAN
2,37,23,study,MICHAEL MOORE
2,37,24,study,AUDREY HEPBURN
2,37,1,recall,AUDREY HEPBURN
2,37,2,recall,MICHAEL MOORE
2,37,3,recall,LANCE ARMSTRONG
2,37,4,recall,KIRSTEN DUNST
2,37,5,recall,LIGHTER
2,37,6,recall,MAYONNAISE
2,37,7,recall,SYRINGE
2,37,8,recall,JENNE MOSQUE
2,37,9,recall,MONTE CARLO
2,37,10,recall,TREVI FOUNTAIN
2,37,11,recall,LIBRARY OF CONGRESS
2,37,12,recall,WAILING WALL
2,37,13,recall,MASADA
2,37,14,recall,EVERGLADES
2,37,15,recall,DAN RATHER
2,37,16,recall,JACKET
2,37,17,recall,MEG RYAN
2,38,1,study,LONDON DUNGEON
2,38,2,study,EPCOT CENTER
2,38,3,study,PETER JENNINGS
2,38,4,study,JIM BELUSHI
2,38,5,study,PEDAL
2,38,6,study,LENS
2,38,7,study,TOM CRUISE
2,38,8,study,HOWARD STERN
2,38,9,study,TINA TURNER
2,38,10,study,CALCULATOR
2,38,11,study,BOUQUET
2,38,12,study,VASE
2,38,13,study,PHILADELPHIA CITY HALL
2,38,14,study,TABLE MOUNTAIN
2,38,15,study,BUCKINGHAM PALACE
2,38,16,study,CORD
2,38,17,study,RAZOR
2,38,18,study,PURSE
2,38,19,study,SISTINE CHAPEL
2,38,20,study,SYDNEY OPERA HOUSE
2,38,21,study,THE MET
2,38,22,study,MATTHEW PERRY
2,38,23,study,ALLEN IVERSON
2,38,24,study,VINCE VAUGHN
2,38,1,recall,VINCE VAUGHN
2,38,2,recall,ALLEN IVERSON
2,38,3,recall,PETER JENNINGS
2,38,4,recall,JIM BELUSHI
2,38,5,recall,HOWARD STERN
2,38,6,recall,PEDAL
2,38,7,recall,TOM CRUISE
2,38,8,recall,VASE
2,38,9,recall,BOUQUET
2,38,10,recall,LONDON DUNGEON
2,38,11,recall,EPCOT CENTER
2,38,12,recall,TINA TURNER
2,38,13,recall,CORD
2,39,1,study,GENE HACKMAN
2,39,2,study,KEANU REEVES
2,39,3,study,JACKHAMMER
2,39,4,study,MEDAL
2,39,5,study,EASTER ISLAND
2,39,6,study,INDIANAPOLIS MOTOR SPEEDWAY
2,39,7,study,HILLARY CLINTON
2,39,8,study,DAVID DUCHOVNY
2,39,9,study,KEYCHAIN
2,39,10,study,PROJECTOR
2,39,11,study,MOUNT EVEREST
2,39,12,study,QUINCY MARKET
2,39,13,study,GEORGE W BUSH
2,39,14,study,AL PACINO
2,39,15,study,BOB DYLAN
2,39,16,study,CLIVE OWEN
2,39,17,study,ROYAL ALBERT HALL
2,39,18,study,OXFORD
2,39,19,study,MADISON SQUARE GARDEN
2,39,20,study,CINDERELLA CASTLE
2,39,21,study,TRASH CAN
2,39,22,study,SHAMPOO
2,39,23,study,PENDULUM
2,39,24,study,PENCIL SHARPENER
2,39,1,recall,PENDULUM
2,39,2,recall,PENCIL SHARPENER
2,39,3,recall,ROYAL ALBERT HALL
2,39,4,recall,OXFORD
2,39,5,recall,CLIVE OWEN
2,39,6,recall,BOB DYLAN
2,39,7,recall,AL PACINO
2,39,8,recall,GEORGE W BUSH
2,39,9,recall,JACKHAMMER
2,39,10,recall,MEDAL
2,39,11,recall,PEDAL
2,39,12,recall,INDIANAPOLIS MOTOR SPEEDWAY
2,39,13,recall,QUINCY MARKET
2,39,14,recall,HILLARY CLINTON
2,39,15,recall,GEORGE W BUSH
2,39,16,recall,MATTHEW PERRY
2,39,17,recall,MADISON SQUARE GARDEN
2,39,18,recall,MOUNT EVEREST
2,40,1,study,CONAN O'BRIEN
2,40,2,study,CHRISTOPHER REEVE
2,40,3,study,QUEBEC
2,40,4,study,HUNGARIAN PARLIAMENT
2,40,5,study,PETRIFIED FOREST
2,40,6,study,PERFUME
2,40,7,study,FOOTBALL
2,40,8,study,SHANGHAI
2,40,9,study,BUCKINGHAM FOUNTAIN
2,40,10,study,CARY GRANT
2,40,11,study,TONY BLAIR
2,40,12,study,SHIRT
2,40,13,study,AXE
2,40,14,study,CAPE HORN
2,40,15,study,BLUE MOSQUE
2,40,16,study,GREAT WALL OF CHINA
2,40,17,study,SEAN PENN
2,40,18,study,BILLY CRYSTAL
2,40,19,study,JULIA ROBERTS
2,40,20,study,DICK CHENEY
2,40,21,study,KETCHUP
2,40,22,study,KEYBOARD
2,40,23,study,PIN
2,40,24,study,DOLLAR
2,40,1,recall,CHRISTOPHER REEVE
2,40,2,recall,SEAN PENN
2,40,3,recall,BUCKINGHAM PALACE
2,40,4,recall,BUCKINGHAM FOUNTAIN
2,40,5,recall,DOLLAR
2,40,6,recall,PIN
2,40,7,recall,PERFUME
2,40,8,recall,AXE
2,40,9,recall,SHIRT
2,40,10,recall,TONY BLAIR
2,40,11,recall,DICK CHENEY
2,40,12,recall,SHANGHAI
2,40,13,recall,GREAT WALL OF CHINA
2,40,14,recall,FOOTBALL
2,41,1,study,LADLE
2,41,2,study,BOTTLE
2,41,3,study,PAPER CLIP
2,41,4,study,HANGER
2,41,5,study,MICROCHIP
2,41,6,study,BILLY BOB THORNTON
2,41,7,study,JOHN F KENNEDY
2,41,8,study,SHAQUILLE O'NEAL
2,41,9,study,BRUCE LEE
2,41,10,study,HALEY JOEL OSMENT
2,41,11,study,AYERS ROCK
2,41,12,study,HONG KONG
2,41,13,study,AL SHARPTON
2,41,14,study,DOLLY PARTON
2,41,15,study,MICHAEL JACKSON
2,41,16,study,CAMDEN YARDS
2,41,17,study,VERRAZANO NARROWS
2,41,18,study,ROMAN FORUM
2,41,19,study,PARIS OPERA
2,41,20,study,AGRA FORT
2,41,21,study,GRAND CANYON
2,41,22,study,FLOWER
2,41,23,study,SWORD
2,41,24,study,RING
2,41,1,recall,RING
2,41,2,recall,LADLE
2,41,3,recall,BOTTLE
2,41,4,recall,PAPER CLIP
2,41,5,recall,HANGER
2,41,6,recall,HONG KONG
2,41,7,recall,MICHAEL JACKSON
2,41,8,recall,AL SHARPTON
2,41,9,recall,DOLLY PARTON
2,41,10,recall,MICROCHIP
2,41,11,recall,BILLY BOB THORNTON
2,41,12,recall,HALEY JOEL OSMENT
2,41,13,recall,PAPER CLIP
2,41,14,recall,SHAQUILLE O'NEAL
2,41,15,recall,VERRAZANO NARROWS
2,42,1,study,GLOBE THEATER
2,42,2,study,LUXOR HOTEL
2,42,3,study,EMPIRE STATE BUILDING
2,42,4,study,ROCK AND ROLL HALL OF FAME
2,42,5,study,SALT LAKE TEMPLE
2,42,6,study,WALL STREET
2,42,7,study,GATEWAY ARCH
2,42,8,study,HARRODS
2,42,9,study,ALCATRAZ
2,42,10,study,BOURBON STREET
2,42,11,study,CLIFF PALACE
2,42,12,study,MISSISSIPPI RIVER
2,42,13,study,SIERRA NEVADA
2,42,14,study,YOSEMITE
2,42,15,study,SAHARA
2,42,16,study,TOWER OF LONDON
2,42,17,study,FISHERMAN'S WHARF
2,42,18,study,LINCOLN MEMORIAL
2,42,19,study,CORCOVADO
2,42,20,study,CAPITOL HILL
2,42,21,study,ACROPOLIS
2,42,22,study,BIG BEN
2,42,23,study,TOKYO
2,42,24,study,CAPILANO BRIDGE
2,42,1,recall,CAPILANO BRIDGE
2,42,2,recall,EMPIRE STATE BUILDING
2,42,3,recall,SALT LAKE TEMPLE
2,42,4,recall,LUXOR HOTEL
2,42,5,recall,WALL STREET
2,42,6,recall,HARRODS
2,42,7,recall,FISHERMAN'S WHARF
2,42,8,recall,CLIFF PALACE
2,42,9,recall,SIERRA NEVADA
2,42,10,recall,YOSEMITE
2,42,11,recall,BOURBON STREET
2,42,12,recall,MISSISSIPPI RIVER
2,42,13,recall,HONG KONG
2,42,14,recall,BIG BEN
2,42,15,recall,GRAND CANYON
2,42,16,recall,CAPITOL HILL
2,43,1,study,HALLE BERRY
2,43,2,study,CINDY CRAWFORD
2,43,3,study,WALKMAN
2,43,4,study,STOCKING
2,43,5,study,WAFFLE
2,43,6,study,MALL OF AMERICA
2,43,7,study,MAYAN PYRAMID
2,43,8,study,LIZA MINELLI
2,43,9,study,JOE DIMAGGIO
2,43,10,study,ALEC BALDWIN
2,43,11,study,ORLANDO BLOOM
2,43,12,study,BABY BIB
2,43,13,study,BOOK
2,43,14,study,BANANA
2,43,15,study,PRADO MUSEUM
2,43,16,study,WASHINGTON MONUMENT
2,43,17,study,DEVIL'S TOWER
2,43,18,study,PLYMOUTH PLANTATION
2,43,19,study,HANDLE
2,43,20,study,TOWEL
2,43,21,study,MIKE MYERS
2,43,22,study,CARROT TOP
2,43,23,study,NAPA VALLEY
2,43,24,study,MAMMOTH CAVE
2,43,1,recall,MAMMOTH CAVE
2,43,2,recall,MIKE MYERS
2,43,3,recall,CARROT TOP
2,43,4,recall,HALLE BERRY
2,43,5,recall,CINDY CRAWFORD
2,43,6,recall,WALKMAN
2,43,7,recall,MALL OF AMERICA
2,43,8,recall,MAMMOTH CAVE
2,43,9,recall,NAPA VALLEY
2,43,10,recall,BANANA
2,43,11,recall,PLYMOUTH VILLAGE
2,43,12,recall,PLYMOUTH PLANTATION
2,44,1,study,BRUSH
2,44,2,study,INHALER
2,44,3,study,BALLOON
2,44,4,study,STAMP
2,44,5,study,THE VENETIAN
2,44,6,study,GRACELAND
2,44,7,study,ROSEANNE BARR
2,44,8,study,RODNEY DANGERFIELD
2,44,9,study,KYOTO
2,44,10,study,MONTICELLO
2,44,11,study,COLOSSEUM
2,44,12,study,JEFFERSON MEMORIAL
2,44,13,study,GALAPAGOS ISLANDS
2,44,14,study,ST MARKS BASILICA
2,44,15,study,CAR SEAT
2,44,16,study,SHOVEL
2,44,17,study,SPEAKER
2,44,18,study,TEAPOT
2,44,19,study,WILL FERRELL
2,44,20,study,TOM BROKAW
2,44,21,study,AUDREY TATOU
2,44,22,study,WINSTON CHURCHILL
2,44,23,study,CONDOLEEZZA RICE
2,44,24,study,ALEX RODRIGUEZ
2,44,1,recall,ALEX RODRIGUEZ
2,44,2,recall,WINSTON CHURCHILL
2,44,3,recall,CONDOLEEZZA RICE
2,44,4,recall,BRUSH
2,44,5,recall,INHALER
2,44,6,recall,THE VENETIAN
2,44,7,recall,CAR SEAT
2,44,8,recall,SHOVEL
2,44,9,recall,TOM BROKAW
2,44,10,recall,WILL FERRELL
2,44,11,recall,BOOK
2,44,12,recall,STAMP
2,45,1,study,FEATHER
2,45,2,study,BRICK
2,45,3,study,LAPTOP
2,45,4,study,VEST
2,45,5,study,BANJO
2,45,6,study,WHISTLE
2,45,7,study,TENT
2,45,8,study,RAKE
2,45,9,study,EMERALD
2,45,10,study,TROPHY
2,45,11,study,APPLE
2,45,12,study,TRIPOD
2,45,13,study,FAUCET
2,45,14,study,DICE
2,45,15,study,HANDCUFFS
2,45,16,study,KNIFE
2,45,17,study,ROLLER SKATES
2,45,18,study,THERMOMETER
2,45,19,study,HAT
2,45,20,study,EASEL
2,45,21,study,BOLT
2,45,22,study,CACTUS
2,45,23,study,MOUSETRAP
2,45,24,study,NECKLACE
2,45,1,recall,NECKLACE
2,45,2,recall,CACTUS
2,45,3,recall,BRICK
2,45,4,recall,WHISTLE
2,45,5,recall,VEST
2,45,6,recall,EMERALD
2,45,7,recall,TROPHY
2,45,8,recall,TRIPOD
2,45,9,recall,RAKE
2,45,10,recall,TENT
2,45,11,recall,KNIFE
2,45,12,recall,ROLLER SKATES
2,45,13,recall,HANDCUFFS
2,46,1,study,GRILL
2,46,2,study,BLOWDRYER
2,46,3,study,FLASK
2,46,4,study,CRADLE
2,46,5,study,STONE
2,46,6,study,DOME OF THE ROCK
2,46,7,study,ALAMO
2,46,8,study,PETRONAS TOWERS
2,46,9,study,TRAFALGAR SQUARE
2,46,10,study,BRITISH MUSEUM
2,46,11,study,ROSE BOWL
2,46,12,study,DREW BARRYMORE
2,46,13,study,LEBRON JAMES
2,46,14,study,NICOLE KIDMAN
2,46,15,study,BRUCE SPRINGSTEEN
2,46,16,study,NORMAN SCHWARZKOPF
2,46,17,study,ST PATRICKS CATHEDRAL
2,46,18,study,VATICAN CITY
2,46,19,study,GLUE STICK
2,46,20,study,SHELF
2,46,21,study,SEASHELL
2,46,22,study,STEVE MARTIN
2,46,23,study,WHITNEY HOUSTON
2,46,24,study,JASON BIGGS
2,46,1,recall,JASON BIGGS
2,46,2,recall,STEVE MARTIN
2,46,3,recall,WHITNEY HOUSTON
2,46,4,recall,STONE
2,46,5,recall,FLASK
2,46,6,recall,DOME OF THE ROCK
2,46,7,recall,PETRONAS TOWERS
2,46,8,recall,DREW BARRYMORE
2,46,9,recall,BLOWDRYER
2,46,10,recall,GRILL
2,46,11,recall,TRAFALGAR SQUARE
2,46,12,recall,BRITISH MUSEUM
2,46,13,recall,NORMAN SCHWARZKOPF
2,46,14,recall,BRUCE SPRINGSTEEN
2,47,1,study,CHRIS FARLEY
2,47,2,study,AL GORE
2,47,3,study,MERYL STREEP
2,47,4,study,ANNETTE BENING
2,47,5,study,LARRY KING
2,47,6,study,JERRY SEINFELD
2,47,7,study,DONALD RUMSFELD
2,47,8,study,BILL MAHER
2,47,9,study,PIERCE BROSNAN
2,47,10,study,MR. T
2,47,11,study,JESSICA SIMPSON
2,47,12,study,RUSSELL CROWE
2,47,13,study,REGIS PHILBIN
2,47,14,study,JIMMY CARTER
2,47,15,study,JACKIE KENNEDY
2,47,16,study,BEN KINGSLEY
2,47,17,study,DANE COOK
2,47,18,study,PRINCE WILLIAM
2,47,19,study,DAVID BECKHAM
2,47,20,study,SYLVESTER STALLONE
2,47,21,study,HELEN HUNT
2,47,22,study,JIM CARREY
2,47,23,study,KATIE COURIC
2,47,24,study,JAMIE FOXX
2,47,1,recall,JAMIE FOXX
2,47,2,recall,KATIE COURIC
2,47,3,recall,ANNETTE BENING
2,47,4,recall,LARRY KING
2,47,5,recall,BEN KINGSLEY
2,47,6,recall,SYLVESTER STALLONE
2,47,7,recall,DONALD RUMSFELD
2,47,8,recall,PRINCE WILLIAM
2,47,9,recall,DAVID BECKHAM
2,47,10,recall,JERRY SEINFELD
2,47,11,recall,CHRIS FARLEY
2,47,12,recall,AL GORE
2,47,13,recall,MERYL STREEP
2,47,14,recall,BILL MAHER
2,48,1,study,MARTIN LUTHER KING JR
2,48,2,study,PARIS HILTON
2,48,3,study,CHRISTOPHER WALKEN
2,48,4,study,MICK JAGGER
2,48,5,study,VIENNA
2,48,6,study,GLACIER NATIONAL PARK
2,48,7,study,VIETNAM MEMORIAL
2,48,8,study,TOWER BRIDGE
2,48,9,study,SURGE PROTECTOR
2,48,10,study,BASEBALL BAT
2,48,11,study,VACUUM CLEANER
2,48,12,study,DEODORANT
2,48,13,study,YANKEE STADIUM
2,48,14,study,LUXEMBOURG PALACE
2,48,15,study,WOLF BLITZER
2,48,16,study,RICKY MARTIN
2,48,17,study,KEYS
2,48,18,study,WATCH
2,48,19,study,FAITH HILL
2,48,20,study,QUEEN ELIZABETH
2,48,21,study,BUNKER HILL
2,48,22,study,MOUNT BLANC
2,48,23,study,GARLIC
2,48,24,study,BAYONET
2,48,1,recall,BAYONET
2,48,2,recall,GARLIC
2,48,3,recall,QUEEN ELIZABETH
2,48,4,recall,FAITH HILL
2,48,5,recall,MOUNT BLANC
2,48,6,recall,TOWER BRIDGE
2,48,7,recall,SURGE PROTECTOR
2,48,8,recall,LUXEMBOURG PALACE
2,48,9,recall,CHRISTOPHER WALKEN
2,48,10,recall,BAYONET
2,48,11,recall,VACUUM CLEANER
2,48,12,recall,MARTIN LUTHER KING JR
2,48,13,recall,PARIS HILTON
